R[h,sR[h,敪,s,l,l22,ʐ,ѐ,ѐ22
1,1101,0,Dys ,237627,220189,46.42,132006,120741
1,1102,0,Dys k,285321,278781,63.57,133662,127440
1,1103,0,Dys ,261912,255873,56.97,124425,118939
1,1104,0,Dys ΋,209584,204259,34.47,104608,100444
1,1105,0,Dys L,218652,212118,46.23,110171,107179
1,1106,0,Dys ,141190,146341,657.48,61291,62776
1,1107,0,Dys ,213578,211229,75.1,97750,96421
1,1108,0,Dys ʋ,127767,128492,24.38,55585,54099
1,1109,0,Dys ,140999,139644,56.77,57333,55050
1,1110,0,Dys c,115726,116619,59.87,45006,42759
1,1202,2,َs,265979,279127,677.86,123950,126180
1,1203,2,Ms,121924,131928,243.83,55466,57711
1,1204,2,s,339605,347095,747.66,155747,154393
1,1205,2,s,88564,94535,80.88,43616,45029
1,1206,2,Hs,174742,181169,1362.92,82078,81015
1,1207,2,эLs,169327,168057,619.34,77707,75474
1,1208,2,ks,121226,125689,1427.41,56202,56012
1,1209,2,[s,8843,10922,763.07,4539,5558
1,1210,2,〈s,84499,90145,481.02,36155,36723
1,1211,2,ԑs,39077,40998,471,18035,18112
1,1212,2,Gs,22221,24457,297.83,10402,11044
1,1213,2,Ϗqs,172737,173320,561.57,78298,76289
1,1214,2,ts,36380,39595,761.47,16486,17343
1,1215,2,Ss,23035,26034,277.69,10173,10992
1,1216,2,ʎs,14676,16628,865.04,6862,7526
1,1217,2,]ʎs,120636,123722,187.38,51983,51170
1,1218,2,ԕs,11105,12637,129.88,4980,5585
1,1219,2,ʎs,23109,24750,830.78,11127,11390
1,1220,2,mʎs,19914,21787,1119.22,8650,9100
1,1221,2,s,29048,30591,535.2,13086,13348
1,1222,2,O}s,9076,10221,302.52,4254,4776
1,1223,2,s,26917,29201,506.25,11383,11897
1,1224,2,Ύs,95648,93604,594.5,40638,38541
1,1225,2,s,41192,43170,115.9,18651,18947
1,1226,2,s,17694,19056,78.68,7858,8415
1,1227,2,̎us,3585,4387,55.95,1665,2000
1,1228,2,[s,21909,23709,529.42,9669,10100
1,1229,2,xǖs,22936,24259,600.71,9929,10074
1,1230,2,oʎs,49625,51526,212.21,21681,21717
1,1231,2,bs,69702,69384,294.65,28846,27634
1,1233,2,ɒBs,34995,36278,444.21,15054,15287
1,1234,2,kLs,59064,60353,119.05,23551,22991
1,1235,2,Ύs,57436,59449,722.42,22632,22603
1,1236,2,kls,46390,48032,397.44,18508,18412
1,1303,3,ʒ,17278,18766,422.86,7327,7400
1,1304,3,VÑ,3329,3515,78.04,1070,1086
1,1331,3,O,7337,8748,293.25,3571,3959
1,1332,3,,4422,5114,187.28,2039,2194
1,1333,3,m,4653,5074,196.75,2003,2009
1,1334,3,،Ó,4547,5341,221.87,2140,2317
1,1337,3,ђ,28120,28463,216.75,11141,10891
1,1343,3,,4226,4767,110.64,1660,1675
1,1345,3,X,15946,17859,368.79,6628,7103
1,1346,3,_,17252,18896,956.07,7523,7892
1,1347,3,,5926,6386,310.76,2685,2847
1,1361,3,],8248,9004,109.53,3752,3968
1,1362,3,m,4876,5428,547.71,2173,2307
1,1363,3,򕔒,4049,4409,460.58,1765,1868
1,1364,3,,3906,4408,162.59,1729,1863
1,1367,3,K,2690,3033,142.97,1270,1364
1,1370,3,,5628,6186,568.25,2280,2388
1,1371,3,Ȓ,8473,9590,638.69,3862,4169
1,1391,3,q,1499,1781,437.18,661,742
1,1392,3,s,3137,3443,95.24,1420,1536
1,1393,3,,3082,3250,345.65,1336,1353
1,1394,3,z,4843,5292,449.78,2086,2129
1,1395,3,jZR,4958,4823,197.13,2274,2054
1,1396,3,^둺,2103,2189,114.25,855,867
1,1397,3,s,1907,2034,119.84,915,883
1,1398,3,Εʒ,2294,2490,189.41,1123,1207
1,1399,3,ɒ,3187,3811,231.49,1281,1740
1,1400,3,m,15018,15568,261.34,6974,7102
1,1401,3,a,6224,6428,304.91,2854,2698
1,1402,3,,13042,14451,70.6,6228,6555
1,1403,3,,1771,1883,82.28,886,855
1,1404,3,_b,1004,1122,147.8,434,473
1,1405,3,ϒO,2115,2516,238.14,994,1175
1,1406,3,Õ,3188,3611,188.36,1446,1588
1,1407,3,mؒ,3498,3800,167.96,1480,1493
1,1408,3,]s,19607,21258,140.59,8769,9051
1,1409,3,Ԉ쑺,1121,1262,280.09,534,619
1,1423,3,y,7927,8778,81.36,2973,3068
1,1424,3,ވ],5674,6194,88.19,2466,2622
1,1425,3,㍻쒬,3479,4086,39.98,1744,1954
1,1427,3,Rm,5314,5896,133.74,2149,2258
1,1428,3,,11076,11691,168.52,4257,4324
1,1429,3,IR,12344,13340,203.93,5186,5484
1,1430,3,`,4577,4859,150.4,1466,1511
1,1431,3,YP,1985,2206,101.83,850,920
1,1432,3,V\Ð쒬,6831,7249,495.47,2570,2694
1,1433,3,w,3091,3462,48.64,1269,1356
1,1434,3,ʒ,2513,2730,47.18,1017,1052
1,1436,3,J,2749,3049,191.15,1005,1067
1,1437,3,k,1981,2193,158.7,782,805
1,1438,3,c,3181,3612,283.35,1333,1437
1,1452,3,鐲,7018,7345,139.42,2717,2732
1,1453,3,_y,10233,9292,68.5,3657,3290
1,1454,3,,6689,7087,204.9,2698,2743
1,1455,3,z,3777,4042,86.9,1586,1639
1,1456,3,ʒ,2976,3328,250.13,1305,1332
1,1457,3,쒬,4044,4532,1049.47,2102,2303
1,1458,3,쒬,8111,7859,247.3,3148,2983
1,1459,3,l,10292,10956,676.78,4288,4301
1,1460,3,xǖ쒬,10826,11545,237.1,4363,4416
1,1461,3,xǖ쒬,5069,5477,108.65,2025,2015
1,1462,3,xǖ쒬,2555,2814,665.54,1132,1199
1,1463,3,芥,1211,1394,571.41,704,794
1,1464,3,a,3596,3832,225.11,1533,1601
1,1465,3,,3228,3565,130.99,1330,1329
1,1468,3,쒬,3547,3775,644.2,1674,1685
1,1469,3,[,4659,5178,672.09,2041,2194
1,1470,3,Ўq{,832,995,275.63,405,486
1,1471,3,쒬,1767,1907,594.74,897,926
1,1472,3,y,1525,1710,767.04,690,780
1,1481,3,ђ,4497,5078,369.71,2051,2208
1,1482,3,,3336,3717,627.22,1406,1512
1,1483,3,ϑO,3265,3656,454.6,1420,1520
1,1484,3,Hy,7327,7964,472.65,3367,3534
1,1485,3,Rʑ,1217,1369,279.51,537,579
1,1486,3,ʒ,2806,3084,590.8,1225,1304
1,1487,3,V,3243,3780,353.56,1502,1619
2,1511,3,,2684,2825,589.97,1174,1220
2,1512,3,lڕʒ,3881,4168,401.64,1845,1868
2,1513,3,ڕʒ,1757,1974,398.51,775,817
2,1514,3,}K,8437,9125,1115.93,3772,3952
2,1516,3,Lx,4054,4378,520.69,1782,1854
2,1517,3,當,2773,3078,81.64,1353,1445
2,1518,3,K,2303,2590,76.51,1154,1313
2,1519,3,Kxm,2787,3037,105.61,1264,1363
2,1520,3,y,2447,2677,574.1,1138,1224
2,1543,3,y,20296,21575,438.41,8626,8725
2,1544,3,Õʒ,5008,5646,716.8,2231,2358
2,1545,3,Η,12231,13045,737.12,5547,5759
2,1546,3,,4221,4551,402.76,1671,1784
2,1547,3,,5085,5358,286.89,2033,2069
2,1549,3,Pq{,5100,5435,190.95,1910,1956
2,1550,3,u˒,3092,3428,527.27,1304,1367
2,1552,3,CԒ,5362,5892,404.94,2311,2415
2,1555,3,y,20873,22265,1332.45,9278,9617
2,1559,3,Nʒ,9231,10041,505.79,3861,4010
2,1560,3,㒬,2721,3028,766.89,1295,1376
2,1561,3,,3909,4301,362.54,1757,1877
2,1562,3,,1116,1135,308.08,501,516
2,1563,3,Y,4525,4939,636.86,2062,2228
2,1564,3,,7360,7933,343.66,2874,2967
2,1571,3,LY,4291,4528,233.57,1973,1944
2,1575,3,s˒,2922,3232,205.01,1168,1226
2,1578,3,V,17740,19376,425.64,7955,8412
2,1581,3,^,4838,4890,404.61,2126,1972
2,1584,3,Β,9299,10132,180.81,4240,4461
2,1585,3,,8148,8726,237.16,3651,3753
2,1586,3,ނ풬,8596,9746,711.36,3784,4127
2,1601,3,,12378,13615,992.11,5781,6064
2,1602,3,撬,5315,5596,743.09,2373,2412
2,1604,3,V,5592,5775,585.81,2405,2388
2,1607,3,Y͒,13075,14389,694.26,6178,6358
2,1608,3,l,4518,5114,364.3,2044,2206
2,1609,3,,4906,5413,284,1929,2036
2,1610,3,VЂ,23231,25419,1147.55,10443,11015
2,1631,3,X,44807,45085,466.02,18019,17660
2,1632,3,my,6132,6416,259.19,2479,2458
2,1633,3,my,4765,5080,694.23,2177,2225
2,1634,3,ǒ,5542,5702,402.88,2258,2270
2,1635,3,V,6288,6653,1063.83,3043,3106
2,1636,3,,9599,9961,402.25,4131,4097
2,1637,3,莺,18484,18905,513.76,7169,7089
2,1638,3,D,3966,4006,292.58,1609,1570
2,1639,3,Xʑ,3185,3391,176.9,1239,1274
2,1641,3,,5738,5977,815.68,2534,2533
2,1642,3,L,7030,7881,596.54,3157,3294
2,1643,3,ʒ,26760,26547,477.64,10944,10359
2,1644,3,rc,6882,7527,371.79,3044,3189
2,1645,3,L,3182,3394,536.71,1362,1376
2,1646,3,{ʒ,7358,8275,391.91,3260,3482
2,1647,3,,6990,7630,1408.04,3179,3348
2,1648,3,ʒ,2482,2650,608.9,1128,1135
2,1649,3,Yy,4919,5460,729.85,2086,2216
2,1661,3,H,19833,20526,252.66,8119,8098
2,1662,3,ݒ,9778,10630,739.26,4115,4278
2,1663,3,l,6061,6511,423.63,2325,2344
2,1664,3,W,7742,8285,1099.37,3281,3365
2,1665,3,q,7758,8278,774.33,3509,3632
2,1667,3,ߋ,2534,2627,571.8,1026,979
2,1668,3,f,8068,9294,773.53,3609,3896
2,1691,3,ʊC,15273,15855,1319.63,5997,5862
2,1692,3,WÒ,23774,23982,684.87,10437,10084
2,1693,3,WÒ,5242,5646,624.68,2169,2235
2,1694,3,P,5415,5885,397.72,2101,2177
2,2201,2,Xs,287648,299520,824.61,118234,119413
2,2202,2,OOs,177411,183473,524.2,71152,70142
2,2203,2,ˎs,231257,237615,305.54,93750,91917
2,2204,2,Ύs,34284,36132,217.05,11770,11794
2,2205,2,܏쌴s,55181,58421,404.18,21143,21277
2,2206,2,\acs,63429,66110,725.65,25487,25554
2,2207,2,Os,40196,41258,119.87,16367,16211
2,2208,2,ނs,58493,61066,864.16,24475,24775
2,2209,2,s,33316,37243,253.55,10984,11473
2,2210,2,s,32106,33764,346.01,10129,10063
2,2301,3,,11142,12361,217.09,3971,4198
2,2303,3,ʒ,2756,3217,125.27,1277,1379
2,2304,3,Hc,2896,3271,80.84,959,1070
2,2307,3,Ol,6198,7089,230.29,2577,2789
2,2321,3,˃,10126,11449,343.08,3851,4095
2,2323,3,[Y,8429,9691,488.89,3304,3532
2,2343,3,ډ,1415,1594,246.02,488,570
2,2361,3,蒬,15179,16021,37.29,4942,4912
2,2362,3,k,9676,10978,163.43,3421,3648
2,2367,3,cɊّ,7783,8153,22.35,2382,2406
2,2381,3,,13935,15227,41.88,4680,4770
2,2384,3,ߓc,13392,14270,46.43,4384,4402
2,2387,3,,11187,12743,216.32,4118,4370
2,2401,3,Ӓn,13524,14314,81.68,5565,5766
2,2402,3,˒,15709,16759,337.23,5572,5713
2,2405,3,Z˒,10423,10241,83.89,3570,3307
2,2406,3,l,4535,4881,126.38,1785,1884
2,2408,3,k,17955,19106,326.5,5974,6007
2,2411,3,Z,10536,11095,252.68,4683,4751
2,2412,3,点,24222,24211,71.96,8658,8330
2,2423,3,Ԓ,5227,6340,52.1,2152,2636
2,2424,3,ʑ,6607,7252,295.27,2578,2710
2,2425,3,ԉY,1976,2463,69.55,823,1096
2,2426,3,䑺,2148,2422,135.04,906,988
2,2441,3,O˒,10135,11299,151.79,3756,3961
2,2442,3,܌˒,17433,18712,177.67,6123,6177
2,2443,3,cq,5554,6175,241.98,2006,2097
2,2445,3,암,18312,19853,153.12,6419,6621
2,2446,3,K㒬,14025,14699,94.01,5699,5707
2,2450,3,V,2509,2851,150.77,831,874
3,3201,2,s,297631,298348,886.47,129718,125096
3,3202,2,{Îs,56676,59430,1259.15,23387,22509
3,3203,2,Dns,38058,40737,322.5,14807,14819
3,3205,2,Ԋs,97702,101438,908.39,33799,33774
3,3206,2,ks,93511,93138,437.55,35861,34068
3,3207,2,vs,35642,36872,623.5,14256,14012
3,3208,2,s,28062,29331,825.97,9973,9888
3,3209,2,֎s,121583,127642,1256.42,43046,42633
3,3210,2,Ocs,19758,23300,231.94,7487,7785
3,3211,2,Ύs,36802,39574,440.34,16860,16094
3,3213,2,ˎs,27611,29702,420.42,10670,10847
3,3214,2,s,26355,28680,862.3,9429,9664
3,3215,2,Bs,119422,124746,993.3,41726,41388
3,3216,2,s,55463,53857,182.46,20787,19400
3,3301,3,Β,16981,18033,608.82,5508,5543
3,3302,3,,6344,7304,434.96,2460,2664
3,3303,3,蒬,13692,14984,360.46,4927,5039
3,3321,3,g,32614,33288,238.98,10808,10513
3,3322,3,В,27678,27205,67.32,9902,8856
3,3366,3,a꒬,5880,6602,590.74,2146,2272
3,3381,3,P蒬,15895,16325,179.76,5556,5409
3,3402,3,,7868,8345,63.39,2478,2454
3,3441,3,Zc,5720,6190,334.84,2117,2083
3,3461,3,ƒ,11759,15276,200.42,4927,5689
3,3482,3,Rc,15826,18617,262.81,6218,6605
3,3483,3,,9841,10804,992.36,4174,4357
3,3484,3,c씨,3466,3843,156.19,1292,1309
3,3485,3,㑺,2795,3088,69.66,1103,1042
4,3501,3,yĒ,9333,10209,245.82,3318,3343
4,3503,3,c,4149,4632,80.8,1516,1578
4,3506,3,ˑ,5865,6507,134.02,1990,2034
4,3507,3,m쒬,16693,17913,302.92,5959,6120
4,3524,3,˒,12919,14187,300.03,4844,5047
4,4101,0,s t,310183,291436,302.24,158562,144125
4,4102,0,s {,194825,190473,58.19,90166,85925
4,4103,0,s ы,133498,132306,50.86,61963,58914
4,4104,0,s ,226855,220588,228.39,98456,91526
4,4105,0,s ,216798,211183,146.61,89806,84770
4,4202,2,Ίs,147214,160826,554.58,56819,57871
4,4203,2,}s,54187,56490,17.37,20519,20396
4,4205,2,Cs,64988,73489,332.44,24152,25457
4,4206,2,Ύs,35272,37422,286.48,12585,12532
4,4207,2,s,76668,73134,98.17,27529,25124
4,4208,2,pcs,30180,31336,147.53,10398,10082
4,4209,2,s,62096,63060,19.69,24097,24079
4,4211,2,s,44678,44187,60.45,16631,15519
4,4212,2,oĎs,81959,83969,536.12,26196,25002
4,4213,2,Is,69906,74932,804.97,23133,23407
4,4214,2,s,39503,42903,101.36,13868,14013
4,4215,2,s,133391,135147,796.76,48307,46146
4,4301,3,,12316,12882,152.83,3923,3890
4,4302,3,h,1461,1694,263.09,567,622
4,4321,3,͌,23798,23530,24.99,9099,8641
4,4322,3,c,11501,11995,78.38,3764,3630
4,4323,3,ēc,39525,39341,54.03,15121,14490
4,4324,3,蒬,9167,9978,270.77,2880,2887
4,4341,3,ېX,13972,15501,273.3,4547,4649
4,4361,3,j,33589,34845,73.6,11334,10903
4,4362,3,R,12315,16704,64.58,4429,5235
4,4401,3,,14421,15085,53.56,5112,5137
4,4404,3,l,18652,20416,13.19,6167,6415
4,4406,3,{,35835,33994,44.89,12191,10818
4,4421,3,a,28244,24894,225.49,10177,8056
4,4422,3,勽,8370,8927,82.01,2421,2423
4,4423,3,xJ,51591,47042,49.18,17494,15399
4,4424,3,t,5703,5334,60.32,1755,1490
4,4444,3,F,7238,7431,109.28,1974,1923
4,4445,3,,23743,25527,460.67,7564,7597
5,4501,3,OJ,16701,17494,82.16,5476,5496
5,4505,3,,24852,25190,74.95,8343,8010
5,4581,3,쒬,6334,10051,65.35,3154,3968
5,4606,3,O,12370,17429,163.4,4041,5295
5,5201,2,Hcs,315814,323600,906.09,135318,131318
5,5202,2,\s,54730,59084,426.95,22371,22806
5,5203,2,s,92197,98367,692.8,31463,31807
5,5204,2,َs,74175,78946,913.22,28242,28565
5,5206,2,js,28375,32294,241.09,11147,11625
5,5207,2,s,46613,50849,790.91,16384,16855
5,5209,2,ps,32038,34473,707.52,11508,11863
5,5210,2,R{s,79927,85229,1209.6,28349,28648
5,5211,2,s,33083,34442,97.73,12023,11936
5,5212,2,s,82783,88301,866.77,28198,28354
5,5213,2,kHcs,33224,36387,1152.76,12222,12837
5,5214,2,ɂَs,25324,27544,241.13,8804,9203
5,5215,2,ks,27523,29568,1093.56,9594,9859
5,5303,3,⒬,5339,6054,201.7,2168,2390
5,5327,3,㏬m,2381,2727,256.72,918,1008
5,5346,3,,3359,3848,282.13,1215,1322
5,5348,3,O풬,17078,18876,247.98,6010,6294
5,5349,3,,7309,8220,234.14,2706,2870
5,5361,3,܏ڒ,9463,10516,214.92,3573,3733
5,5363,3,Y,6080,6623,17,2220,2303
5,5366,3,쒬,4986,5493,47.95,1563,1604
5,5368,3,劃,3110,3218,170.11,796,804
5,5434,3,,20279,21674,168.34,6152,6291
5,5463,3,H㒬,15319,16792,230.78,4807,4966
5,5464,3,,2610,2872,203.69,809,875
6,6201,2,R`s,253832,254244,381.3,100303,96560
6,6202,2,đs,85953,89401,548.51,32997,33013
6,6203,2,߉s,129652,136623,1311.53,45339,45514
6,6204,2,cs,106244,111151,602.97,39320,38955
6,6205,2,Vs,36894,38850,222.85,12961,12980
6,6206,2,͍]s,41256,42373,139.03,13086,12717
6,6207,2,Rs,31569,33836,240.93,10694,10751
6,6208,2,Rs,24684,26811,196.98,7713,7865
6,6209,2,s,27757,29473,214.67,9109,9269
6,6210,2,Vs,62194,62214,113.01,21428,20404
6,6211,2,s,47768,46414,206.94,15473,14388
6,6212,2,ԑs,16953,18955,372.53,5109,5332
6,6213,2,zs,32285,33658,160.52,10705,10567
6,6301,3,RӒ,14369,15139,61.45,4440,4419
6,6302,3,R,11363,12015,31.15,3427,3423
6,6321,3,͖k,18952,19959,52.45,5865,5740
6,6322,3,쒬,5636,6270,393.19,1785,1853
6,6323,3,,7119,7856,196.81,2242,2311
6,6324,3,],8472,9227,154.08,2632,2691
6,6341,3,Γc,7357,8160,79.54,2143,2227
6,6361,3,R,5829,6365,161.67,1643,1703
6,6362,3,ŏ㒬,8902,9847,330.37,2665,2764
6,6363,3,M`,5631,6164,119.04,1621,1652
6,6364,3,^쒬,8137,9165,374.22,2478,2631
6,6365,3,呠,3412,3762,211.63,1016,1045
6,6366,3,쑺,4317,4862,122.14,1224,1300
6,6367,3,ˑ,4773,5304,261.31,1390,1451
6,6381,3,,23882,25025,180.26,7218,7241
6,6382,3,쐼,15751,17313,166.6,4553,4710
6,6401,3,,7868,8862,737.56,2845,3036
6,6402,3,钬,14175,15314,157.71,4405,4465
6,6403,3,іL,7304,7943,329.41,2198,2235
6,6426,3,O쒬,7728,7731,33.22,2223,2140
6,6428,3,,21666,23158,249.17,6637,6648
6,6461,3,V,14207,15480,208.39,4509,4608
7,7201,2,s,294247,292590,767.72,122269,113074
7,7202,2,Îᏼs,124062,126220,382.97,49431,47891
7,7203,2,SRs,335444,338712,757.2,138310,131740
7,7204,2,킫s,350237,342249,1232.02,141069,128722
7,7205,2,͎s,61913,64704,305.32,23004,22726
7,7207,2,{s,77441,79267,279.43,26345,25792
7,7208,2,쑽s,49377,52356,554.63,16752,16983
7,7209,2,ns,38556,37817,197.79,15209,13227
7,7210,2,{s,58162,59871,344.42,19810,18364
7,7211,2,cs,38503,40422,458.33,12734,11933
7,7212,2,쑊ns,57797,70878,398.58,25944,23640
7,7213,2,ɒBs,62400,66027,265.12,21624,20870
7,7214,2,{{s,30924,31489,88.02,10049,9538
7,7301,3,Kܒ,12271,12853,42.97,4276,4055
7,7303,3,,9512,10086,37.95,3291,3204
7,7308,3,얓,14452,15569,127.7,5515,5179
7,7322,3,ʑ,8679,8574,79.44,2619,2253
7,7342,3,Β,12486,12815,31.3,4205,4076
7,7344,3,Vh,5611,6291,225.52,1638,1669
7,7362,3,,5800,6461,317.04,2002,2103
7,7364,3,w},615,636,390.46,257,221
7,7367,3,,4470,4932,747.56,1762,1851
7,7368,3,Ò,16264,17864,886.47,6246,6507
7,7402,3,k,2831,3185,234.08,1008,1052
7,7405,3,Ò,6582,7366,298.18,2531,2653
7,7407,3,֒,3579,3761,59.77,1117,1131
7,7408,3,c㒬,15037,15805,394.85,4939,4954
7,7421,3,Í≺,16303,17360,91.59,5391,5371
7,7422,3,쑺,3206,3364,16.37,906,915
7,7423,3,Ò,3536,4009,175.82,1207,1259
7,7444,3,O,1668,1926,90.81,674,747
7,7445,3,R,2189,2462,293.92,956,1042
7,7446,3,a,1322,1500,209.46,616,646
7,7447,3,Ô,20913,22737,276.33,6710,6806
7,7461,3,,20322,19767,192.06,7458,6711
7,7464,3,葺,6495,6802,35.43,2059,2006
7,7465,3,,5001,5154,18.92,1395,1387
7,7466,3,,17370,18407,60.4,5846,5943
7,7481,3,Iq,14295,15062,159.93,4753,4708
7,7482,3,Ւ,5950,6348,118.27,1921,1932
7,7483,3,,9157,9884,211.41,3043,3086
7,7484,3,L쑺,3577,3989,131.34,1064,1106
8,7501,3,ΐ쒬,15880,17775,115.71,5244,5370
8,7502,3,ʐ쑺,6777,7231,46.67,1974,1923
8,7503,3,c,6505,6921,93.42,1989,2008
8,7504,3,쒬,6577,6888,37.43,2055,2029
8,7505,3,Óa,5373,6030,163.29,1661,1728
8,7521,3,Ot,18304,18191,72.76,6230,5502
8,7522,3,쒬,10475,11202,125.18,3425,3495
8,7541,3,L쒬,4319,5418,58.69,2435,1810
8,7542,3,t,975,7700,103.64,839,2576
8,7543,3,x,0,16001,68.39,0,6141
8,7544,3,,2021,2820,197.35,1082,950
8,7545,3,F,0,11515,78.71,0,3955
8,7546,3,ot,0,6932,51.42,0,2393
8,7547,3,Q],0,20905,223.14,0,7176
8,7548,3,,18,1531,84.37,9,470
8,7561,3,Vn,8218,8224,46.53,2699,2461
8,7564,3,ъڑ,41,6209,230.13,1,1734
8,8201,2,ˎs,270783,268750,217.32,117590,112099
8,8202,2,s,185054,193129,225.74,78625,77965
8,8203,2,yYs,140804,143839,122.89,57257,56663
8,8204,2,É͎s,140946,142995,123.58,52571,50465
8,8205,2,Ήs,76020,79687,215.53,27288,27094
8,8207,2,s,51594,52494,65.76,18267,17466
8,8208,2,Ps,78342,80334,78.55,30472,30092
8,8210,2,Ȏs,43293,44987,80.88,15036,14890
8,8211,2,푍s,61483,65320,123.64,20600,20685
8,8212,2,헤cs,52294,56250,371.99,19436,19801
8,8214,2,s,29638,31017,193.58,11751,11661
8,8215,2,ks,44412,47026,186.8,16871,16966
8,8216,2,}Ԏs,76739,79409,240.4,28202,27946
8,8217,2,s,106570,109651,69.94,43477,42614
8,8219,2,vs,84317,81684,58.92,33223,31569
8,8220,2,Ύs,226963,214590,283.72,98190,87477
8,8221,2,ЂȂs,155689,157060,99.93,61104,60268
8,8222,2,s,67879,66093,106.02,27450,25199
8,8223,2,s,29111,30534,71.4,10547,10384
8,8224,2,Js,64753,62482,35.71,24867,22854
8,8225,2,헤{s,42587,45178,348.45,16005,16087
8,8226,2,߉ώs,54276,54240,97.82,20025,18889
8,8227,2,}s,104573,108527,205.3,35683,35188
8,8228,2,Ⓦs,54087,56114,123.03,17327,16763
8,8229,2,~s,42810,46895,205.81,14453,14809
8,8230,2,݂s,42147,43553,156.6,15142,14730
8,8231,2,s,42632,45673,180.06,13585,13632
8,8232,2,_s,94522,94795,146.94,37221,35901
8,8233,2,ss,34909,37611,222.48,11115,11346
8,8234,2,gcs,48147,50156,207.61,17430,16810
8,8235,2,΂݂炢s,49136,44461,79.16,18137,15273
8,8236,2,ʎs,50911,52279,144.74,17491,17207
8,8302,3,钬,32921,34513,121.58,11356,11187
8,8309,3,,16886,18328,23.74,6661,7021
8,8310,3,闢,19800,21491,161.8,7066,7142
8,8341,3,C,37713,37438,37.98,14494,14113
8,8364,3,q,18053,20073,325.76,6733,7140
8,8442,3,Y,15842,17299,66.61,5958,6305
8,8443,3,,47535,47940,71.4,18801,17969
8,8447,3,͓,9168,10172,44.3,2950,3004
9,8521,3,㒬,22021,23106,58.99,6799,6756
9,8542,3,܉,8786,9410,23.11,2894,2927
9,8546,3,,24517,25714,46.59,8061,7923
9,8564,3,,16313,17473,24.9,6138,6131
9,9201,2,Fs{s,518594,511739,416.85,217419,210482
9,9202,2,s,149452,154530,177.76,60186,59134
9,9203,2,Ȗ؎s,159211,164024,331.5,57838,56489
9,9204,2,s,118919,121249,356.04,46390,45178
9,9205,2,s,98374,102348,490.64,35079,34999
9,9206,2,s,83386,90066,1449.83,32658,33926
9,9208,2,Rs,166760,164454,171.76,65792,62844
9,9209,2,^s,79539,82289,167.34,27949,27577
9,9210,2,cs,75457,77729,354.36,28753,28075
9,9211,2,s,33354,35343,170.46,12342,12438
9,9213,2,ߐ{s,117146,117812,592.74,45608,44602
9,9214,2,s,44901,44768,125.63,15648,14917
9,9215,2,ߐ{GRs,27047,29206,174.35,9439,9586
9,9216,2,s,59431,59483,74.59,21394,20501
9,9301,3,O쒬,31046,31621,54.39,10777,10390
9,9342,3,vq,23281,24348,89.4,7787,7801
9,9343,3,Ζؒ,13188,15018,172.69,4572,4799
9,9344,3,sL,11720,12094,64.25,4109,4018
9,9345,3,F꒬,15189,16030,70.16,4957,4907
9,9361,3,p,39951,39605,61.06,15258,14214
9,9364,3,ؒ,25292,25720,30.26,9530,9122
9,9384,3,J,11495,12560,176.06,3696,3828
9,9386,3,,29639,30436,70.87,11521,11201
9,9407,3,ߐ{,24919,26765,372.34,8564,8699
9,9411,3,߉ϐ쒬,16964,18446,192.78,5831,5877
10,10201,2,Os,336154,340291,311.59,136900,133322
10,10202,2,s,370884,371302,459.16,150180,147116
10,10203,2,ːs,114714,121704,274.45,46034,46688
10,10204,2,ɐs,208814,207221,139.44,80110,76527
10,10205,2,cs,219807,216465,175.54,86267,81437
10,10206,2,cs,48676,51265,443.46,19178,19148
10,10207,2,ٗюs,76667,78608,60.97,30219,29581
10,10208,2,as,78391,83330,240.27,28812,29290
10,10209,2,s,65708,67975,180.29,24569,24298
10,10210,2,xs,49746,52070,122.85,18255,18297
10,10211,2,s,58531,61077,276.31,22381,22184
10,10212,2,݂ǂs,50906,51899,208.42,18867,18336
10,10344,3,Y,14329,14370,27.92,4887,4634
10,10345,3,g,21080,19801,20.46,7289,6530
10,10366,3,쑺,1230,1306,181.85,578,612
10,10367,3,_,1954,2352,114.6,903,1038
10,10382,3,mc,7564,8911,188.38,3040,3316
10,10383,3,q,1979,2423,118.83,953,1088
10,10384,3,Êy,13200,13618,58.61,4539,4447
10,10421,3,V,16850,18216,439.28,6529,6608
10,10424,3,쌴,5536,6017,133.85,2322,2295
10,10425,3,ڗ,9780,10183,337.58,3664,3651
10,10426,3,Ò,6518,7160,49.75,3275,3474
10,10428,3,R,3674,3911,64.18,1167,1179
10,10429,3,Ȓ,14033,15622,253.91,5235,5519
10,10443,3,Еi,4390,4904,391.76,1554,1677
10,10444,3,ꑺ,3647,3898,85.25,980,974
10,10448,3,a,7347,7620,64.14,2476,2429
10,10449,3,݂Ȃݒ,19347,21345,781.08,7594,7864
10,10464,3,ʑ,36654,37536,25.78,14337,13857
11,10521,3,q,15015,15706,41.86,5365,5129
11,10522,3,a,11044,11209,19.64,3914,3696
11,10523,3,c,11318,11473,21.73,3981,3719
11,10524,3,,41202,40257,18.03,18070,16600
11,10525,3,Wy,26426,27023,31.11,9528,9196
11,11101,0,܎s ,87146,84029,29.12,33871,31406
11,11102,0,܎s k,143446,138630,16.86,61756,58382
11,11103,0,܎s {,113864,108488,12.8,53265,48475
11,11104,0,܎s ,161960,157143,30.69,65666,61585
11,11105,0,܎s ,98762,96055,8.39,42872,41153
11,11106,0,܎s ,97910,96911,18.64,43331,42442
11,11107,0,܎s Ya,154416,144786,11.51,67136,61994
11,11108,0,܎s ,180152,174988,13.82,77895,74885
11,11109,0,܎s ΋,116522,110118,26.44,44475,40862
11,11110,0,܎s ΋,109801,111286,49.17,42942,41942
11,11201,2,zs,350745,342670,109.13,145715,137121
11,11202,2,FJs,198742,203180,159.82,77004,75413
11,11203,2,s,578112,561506,61.95,245830,234124
11,11206,2,scs,82113,85786,67.49,31015,30630
11,11207,2,s,63555,66955,577.83,24038,24146
11,11208,2,s,340386,341924,72.11,145834,141225
11,11209,2,є\s,80715,83549,193.05,31749,30905
11,11210,2,{s,112229,115002,133.3,41034,39460
11,11211,2,{s,77881,81889,89.69,31004,32217
11,11212,2,Rs,91437,90099,65.35,37224,34945
11,11214,2,ts,232709,237171,66,94463,91531
11,11215,2,Rs,152405,155727,48.99,62028,61039
11,11216,2,Hs,54874,56204,58.64,20366,19473
11,11217,2,s,118072,119639,67.44,45043,43379
11,11218,2,[Js,143811,144618,138.37,53384,50859
11,11219,2,s,225196,223926,45.51,91399,87286
11,11221,2,s,247034,243855,27.46,105827,102479
11,11222,2,zJs,337498,326313,60.24,136460,128342
11,11223,2,ns,72260,71502,5.11,34174,33112
11,11224,2,˓cs,136150,123079,18.19,59432,54495
11,11225,2,Ԏs,148390,149872,44.69,59004,56843
11,11227,2,s,136299,129691,18.34,59515,56790
11,11228,2,u؎s,72676,69611,9.05,30607,28433
11,11229,2,as,80826,80745,11.04,36898,37385
11,11230,2,Vs,162122,158777,22.78,67250,64436
11,11231,2,s,73936,74711,25.35,28685,28047
11,11232,2,vs,152311,154310,82.41,59082,57238
11,11233,2,k{s,67409,68888,19.82,26845,25856
11,11234,2,s,86717,82977,18.02,35763,32467
11,11235,2,xms,108102,106736,19.77,47169,44642
11,11237,2,Os,136521,131415,30.13,55288,51132
11,11238,2,@cs,62380,63309,27.28,24543,23445
11,11239,2,ˎs,101679,101700,41.02,42883,41508
11,11240,2,Ks,52524,54012,33.93,20568,19904
11,11241,2,߃s,70255,69990,17.65,28658,27746
11,11242,2,s,56520,57473,47.48,22145,21227
11,11243,2,gs,69738,65298,31.66,25716,23248
11,11245,2,ӂݖs,110970,105695,14.64,45806,42763
11,11246,2,s,51535,50272,24.92,19183,17869
11,11301,3,ɓޒ,44442,42494,14.79,16701,15504
11,11324,3,OF,38456,38706,15.33,14328,13940
11,11326,3,јCR,37275,39054,34.07,15566,15644
11,11327,3,z,11716,12537,40.39,4527,4566
11,11341,3,쒬,18212,17323,29.68,6785,6186
11,11342,3,R,18341,18887,29.92,6968,6708
11,11343,3,쒬,31178,32913,60.36,12007,11645
11,11346,3,쓇,20788,22147,41.63,7238,7112
11,11347,3,g,19631,21079,38.64,6834,6804
11,11348,3,R,14338,15305,25.73,5309,5335
11,11349,3,Ƃ풬,11492,12418,55.9,4199,4281
11,11361,3,,8519,9039,49.36,3074,3078
11,11362,3,F쒬,10133,10888,63.74,3662,3762
11,11363,3,Ғ,7324,7908,30.43,2648,2713
11,11365,3,쒬,12117,13436,171.26,4363,4503
11,11369,3,,2915,3348,37.06,1028,1075
11,11381,3,,11207,11605,33.41,3612,3550
11,11383,3,_쒬,13730,14470,47.4,5033,5001
11,11385,3,㗢,30565,30998,29.18,11225,10887
11,11408,3,񋏒,34081,35774,64.25,12934,12694
11,11442,3,{㒬,33705,33641,15.95,13728,13190
11,11464,3,˒,45495,46923,30.03,17348,16704
11,11465,3,,30061,31153,16.2,10702,10427
12,12101,0,ts ,205070,199364,44.69,95227,93614
12,12102,0,ts Ԍ,179200,180949,34.19,77732,76051
12,12103,0,ts ы,160968,157768,21.22,71334,68503
12,12104,0,ts t,151078,151585,84.21,62773,61484
12,12105,0,ts ΋,126848,121921,66.25,46792,44004
12,12106,0,ts l,148718,150162,21.2,63999,62653
12,12202,2,qs,64415,70210,84.19,26234,27035
12,12203,2,ss,481732,473919,57.45,228845,220582
12,12204,2,Ds,622890,609040,85.62,272432,261415
12,12205,2,َRs,47464,49290,110.15,20146,20232
12,12206,2,؍XÎs,134141,129312,138.95,54920,50042
12,12207,2,ˎs,483480,484457,61.38,215627,209570
12,12208,2,cs,153583,155491,103.55,59712,58050
12,12210,2,Όs,89688,93015,99.92,36026,35936
12,12211,2,cs,131190,128933,213.84,55462,52894
12,12212,2,qs,172739,172183,103.69,68696,65035
12,12213,2,s,60652,61751,89.12,25114,24378
12,12215,2,s,66586,69058,130.45,23350,23157
12,12216,2,Kus,167909,164530,20.97,72350,70132
12,12217,2,s,413954,404012,114.74,175691,162287
12,12218,2,Ys,19248,20788,93.96,8965,9179
12,12219,2,ss,274656,280416,368.17,113518,111973
12,12220,2,Rs,174373,163984,35.32,70802,64921
12,12221,2,s,193152,189781,51.39,78358,74824
12,12222,2,䑷qs,131606,134017,43.15,54089,53170
12,12223,2,s,33932,35766,191.14,14453,14361
12,12224,2,PJs,108917,107853,21.08,44101,41955
12,12225,2,NÎs,86033,89168,318.81,34447,33908
12,12226,2,xÎs,45601,48073,205.53,17634,17311
12,12227,2,Ys,164024,164877,17.3,74229,71411
12,12228,2,lXs,89245,86726,34.52,35014,32514
12,12229,2,PYs,60952,60355,94.93,22652,21561
12,12230,2,Xs,70734,73212,74.94,27074,25838
12,12231,2,󐼎s,92670,88176,123.79,32590,29622
12,12232,2,s,61674,60345,35.48,22725,21207
12,12233,2,xs,49636,51087,53.88,20057,19701
12,12234,2,[s,39033,42104,230.14,15061,15575
12,12235,2,xs,37261,39814,101.52,12712,12873
12,12236,2,s,77499,82866,262.35,27294,27309
12,12237,2,Rs,52222,56089,146.77,19454,19286
12,12238,2,ݎs,38594,40962,157.44,14849,14704
12,12239,2,Ԕs,49184,50113,58.08,18849,18135
12,12322,3,X䒬,20955,21234,19.01,8970,8571
12,12329,3,h,21228,22580,32.51,8185,8004
12,12342,3,_蒬,6133,6454,19.9,2207,2135
12,12347,3,Ò,14724,16002,72.8,5053,5145
12,12349,3,,14152,15154,46.25,4562,4561
12,12403,3,\㗢,16510,18004,24.45,6411,6621
12,12409,3,ŎR,7431,7920,43.24,2453,2470
12,12410,3,Ō,23762,24675,67.01,8433,8278
12,12421,3,{,11767,12034,22.97,4485,4393
12,12422,3,r,7222,7340,35.59,2434,2400
12,12423,3,,14359,14752,28.29,5178,5032
12,12424,3,q,11149,12151,27.5,4164,4274
12,12426,3,,7337,8035,47.11,2591,2639
12,12427,3,쒬,8206,9073,65.51,2789,2816
12,12441,3,命쒬,9843,10671,129.87,3447,3584
12,12443,3,h,7315,7738,24.86,3054,3109
12,12463,3,쒬,8022,8950,45.19,3327,3480
13,13101,0,c,58406,47115,11.66,33262,25560
13,13102,0,,141183,122762,10.21,79272,67981
13,13103,0,`,243283,205131,20.37,130562,110113
13,13104,0,Vh,333560,326309,18.22,204989,195434
13,13105,0,,219724,206626,11.29,120858,111753
13,13106,0,䓌,198073,175928,10.11,112117,95413
13,13107,0,nc,256274,247606,13.77,130862,120797
13,13108,0,],498109,460819,40.16,243708,214424
13,13109,0,i,386855,365302,22.84,212374,196132
13,13110,0,ڍ,277622,268330,14.67,146162,138028
13,13111,0,c,717082,693373,60.66,371149,345608
13,13112,0,cJ,903346,877138,58.05,463632,448961
13,13113,0,aJ,224533,204492,15.11,135749,123746
13,13114,0,,328215,314750,15.59,196132,184267
13,13115,0,,563997,549569,34.06,312001,302805
13,13116,0,L,291167,284678,13.01,176376,166214
13,13117,0,k,341076,335544,20.61,178379,172568
13,13118,0,r,212264,203296,10.16,103101,96161
13,13119,0,,561916,535824,32.22,291408,272683
13,13120,0,n,721722,716124,48.08,337987,336163
13,13121,0,,670122,683426,53.25,310662,314618
13,13122,0,,442913,442586,34.8,201380,197276
13,13123,0,]ː,681298,678967,49.9,309072,304041
13,13201,2,qs,577513,580053,186.38,253356,249893
13,13202,2,s,176295,179668,24.36,83285,80916
13,13203,2,s,144730,138734,10.98,74022,71228
13,13204,2,Os,186936,186083,16.42,90226,90190
13,13205,2,~s,137381,139339,103.31,54371,52544
13,13206,2,{s,260274,255506,29.43,119569,115166
13,13207,2,s,111539,112297,17.34,48258,47236
13,13208,2,zs,229061,223593,21.58,110581,107919
13,13209,2,cs,432348,427016,71.8,186711,180172
13,13210,2,s,121396,118852,11.3,59796,57695
13,13211,2,s,190005,187035,20.51,82888,81784
13,13212,2,s,186283,180052,27.55,84928,80138
13,13213,2,Rs,149956,153557,17.14,64604,63985
13,13214,2,s,122742,120650,11.46,59130,57775
13,13215,2,s,73655,75510,8.15,34062,35767
13,13218,2,s,58395,59796,10.16,27260,27045
13,13219,2,]s,80249,78751,6.39,39458,39168
13,13220,2,as,85157,83068,13.42,35555,33648
13,13221,2,s,74864,74104,10.23,32369,30954
13,13222,2,vĎs,116632,116546,12.88,49902,49177
13,13223,2,Rs,71229,70053,15.32,28300,26790
13,13224,2,s,146631,147648,21.01,65461,64078
13,13225,2,s,87636,84835,17.97,36533,34842
13,13227,2,Hs,55833,57032,9.9,23451,23449
13,13228,2,s,80954,80868,73.47,30817,29385
13,13229,2,s,200012,196511,15.75,89734,87457
13,13303,3,䒬,33445,33497,16.85,13192,12369
13,13305,3,̏o,17446,16650,28.07,5800,5461
13,13307,3,w,2209,2558,105.41,839,915
13,13308,3,,5234,6045,225.53,2045,2217
13,13361,3,哇,7884,8461,90.76,3947,4098
13,13362,3,,337,341,4.12,194,204
13,13363,3,V,2749,2883,27.54,1261,1251
13,13364,3,_Ó,1891,1889,18.58,791,787
13,13381,3,O,2482,2676,55.27,1483,1578
13,13382,3,䑠,335,348,20.54,194,198
13,13401,3,䒬,7613,8231,72.23,3913,4090
13,13402,3,,178,201,5.96,125,122
13,13421,3,},3022,2785,104.35,1517,1344
14,14101,0,ls ߌ,285356,272178,33.23,132814,124177
14,14102,0,ls _ސ,238966,233429,23.73,119397,113613
14,14103,0,ls ,98532,94867,7.03,51878,49076
14,14104,0,ls ,148312,146033,21.2,78869,75700
14,14105,0,ls ,194827,196153,12.65,95528,92352
14,14106,0,ls ۓyPJ,205493,206634,21.93,92775,90076
14,14107,0,ls q,166229,163237,19.05,74552,71169
14,14108,0,ls ,202229,209274,30.96,86891,86773
14,14109,0,ls `k,344172,329471,31.4,163519,154733
14,14110,0,ls ˒ˋ,275283,274324,35.79,113421,109824
14,14111,0,ls `,215736,221411,19.9,91007,90108
14,14112,0,ls ,247144,251086,32.73,102728,100980
14,14113,0,ls ΋,180366,177631,25.51,74498,71204
14,14114,0,ls J,124560,126913,17.17,50435,49560
14,14115,0,ls h,122171,124866,18.52,50853,50345
14,14116,0,ls ,154025,155698,23.58,60707,58838
14,14117,0,ls t,309692,304297,35.22,125344,120378
14,14118,0,ls s},211751,201271,27.87,80402,74983
14,14131,0,s ,223378,217328,39.53,109768,105586
14,14132,0,s K,160890,154212,10.01,75160,70680
14,14133,0,s ,247529,233925,14.74,123547,117190
14,14134,0,s Ë,228141,217360,16.36,107931,101753
14,14135,0,s ,214158,213894,20.5,106472,103595
14,14136,0,s {O,225594,218867,18.61,94808,92164
14,14137,0,s ,175523,169926,23.25,74151,71726
14,14151,0,͌s ΋,173612,176192,253.68,71182,70052
14,14152,0,͌s ,269888,266982,36.87,116240,112483
14,14153,0,͌s ,277280,274341,38.11,123766,120267
14,14201,2,{s,406586,418325,100.83,165746,164362
14,14203,2,ˎs,258227,260780,67.82,107397,104369
14,14204,2,qs,173019,174314,39.67,73035,72463
14,14205,2,s,423894,409657,69.57,180170,171981
14,14206,2,cs,194086,198327,113.81,79120,77793
14,14207,2,s,239348,235081,35.7,97951,93445
14,14208,2,qs,57425,58302,17.28,24103,23844
14,14210,2,OYs,45289,48352,32.05,17567,17884
14,14211,2,`s,167378,170145,103.76,69778,69373
14,14212,2,؎s,225714,224420,93.84,95824,92476
14,14213,2,as,232922,228186,27.09,102020,97244
14,14214,2,ɐs,101514,101039,55.56,43088,41184
14,14215,2,CVs,130190,127707,26.59,53416,50405
14,14216,2,Ԏs,128737,129436,17.57,55910,53977
14,14217,2,쑫s,43306,44020,77.12,16245,15873
14,14218,2,s,84460,83167,22.14,33356,31519
14,14301,3,tR,32096,32766,17.04,12580,12539
14,14321,3,쒬,47936,47672,13.34,18744,18033
14,14341,3,钬,31550,33032,17.18,12279,12416
14,14342,3,{,28378,29522,9.08,11183,11338
14,14361,3,䒬,9679,10010,19.99,3359,3339
14,14362,3,䒬,17033,17972,14.38,6178,6350
14,14363,3,c,11171,11676,37.75,4406,4433
14,14364,3,Rk,10724,11764,224.61,3903,3954
14,14366,3,J,17013,16369,6.55,6169,5749
14,14382,3,,11786,13853,92.86,6088,7266
14,14383,3,^ߒ,7333,8212,7.04,3068,3252
14,14384,3,͌,25026,26848,40.97,10763,11002
14,14401,3,쒬,40343,42089,34.28,16067,16063
14,14402,3,쑺,3214,3459,71.24,1122,1201
15,15101,0,Vs k,76328,77621,107.72,27070,26050
15,15102,0,Vs ,137577,138096,38.62,55550,54447
15,15103,0,Vs ,183767,180537,37.75,88506,85405
15,15104,0,Vs ],68906,69365,75.42,23677,22963
15,15105,0,Vs Ht,76843,77329,95.38,26898,26141
15,15106,0,Vs ,45685,46949,100.91,14583,14113
15,15107,0,Vs ,162833,161264,94.09,66860,65255
15,15108,0,Vs ,58218,60740,176.55,18367,18159
15,15202,2,s,275133,282674,891.06,100143,98725
15,15204,2,Os,99192,102292,431.97,33201,32467
15,15205,2,s,86833,91451,442.03,33560,34104
15,15206,2,Vcs,98611,101202,533.1,34186,33445
15,15208,2,Js,36498,38600,155.19,12165,12267
15,15209,2,Ύs,27852,29762,133.72,9634,9677
15,15210,2,\s,54917,58911,590.39,18598,18983
15,15211,2,s,40608,41862,77.91,13702,13371
15,15212,2,s,62442,66427,1174.26,22138,22058
15,15213,2,s,79784,81876,110.96,27537,26653
15,15216,2,s,44162,47702,746.24,16699,17433
15,15217,2,s,33199,35457,445.63,11562,11801
15,15218,2,ܐs,51404,54550,351.91,16945,16859
15,15222,2,zs,196987,203899,973.81,71015,71477
15,15223,2,s,43415,45560,192.74,13390,13154
15,15224,2,ns,57255,62727,855.61,22401,23755
15,15225,2,s,37352,40361,946.76,12833,13075
15,15226,2,싛s,58568,61624,584.55,19426,19482
15,15227,2,ٓs,30198,31424,264.89,10056,9901
15,15307,3,Ē,14040,13724,37.58,4262,3950
15,15342,3,F,8209,8582,25.17,2584,2586
15,15361,3,c㒬,12188,12791,31.71,4028,4027
15,15385,3,꒬,11680,13303,952.89,4482,4870
15,15405,3,o_蒬,4528,4907,44.38,1608,1665
15,15461,3,,8046,8396,357.29,3455,3463
15,15482,3,Ó쒬,10029,10881,170.21,3328,3482
16,15504,3,H,4775,4800,26.27,1682,1653
16,15581,3,֐쑺,5832,6438,299.61,1846,1941
16,15586,3,Y,370,366,9.78,173,182
16,16201,2,xRs,418686,421953,1241.77,163862,159151
16,16202,2,s,172125,176061,209.57,63814,61992
16,16204,2,Îs,42935,44959,200.61,15855,15924
16,16205,2,Xs,47992,51726,230.56,16096,16458
16,16206,2,s,32755,33676,54.63,11699,11298
16,16207,2,s,40991,41852,426.31,14793,14628
16,16208,2,vgs,49000,49410,127.03,16220,15559
16,16209,2,s,30399,32067,134.07,9517,9581
16,16210,2,vs,51327,54724,668.64,16594,16930
16,16211,2,ːs,92308,93588,109.43,32115,31246
16,16321,3,M,2982,2967,3.47,910,889
16,16322,3,s,20930,21965,236.71,7395,7415
16,16323,3,R,26317,27466,307.29,9159,8992
16,16342,3,P,25335,27182,71.25,8628,8658
16,16343,3,,12246,13651,226.3,4514,4718
17,17201,2,s,465699,462361,468.64,199572,191256
17,17202,2,s,55325,57900,318.32,20855,20944
17,17203,2,s,106919,108433,371.05,38166,37470
17,17204,2,֓s,27216,29858,426.32,10649,11366
17,17205,2,Fs,14625,16300,247.2,5861,6228
17,17206,2,s,67186,71887,305.87,24841,25966
17,17207,2,Hs,21729,23032,81.85,8066,8085
17,17209,2,قs,34219,34651,64.44,11604,11084
17,17210,2,Rs,109287,110459,754.93,38439,36556
17,17211,2,\s,48881,48680,84.14,17352,15945
17,17212,2,Xss,55099,51885,13.56,24759,23024
17,17324,3,k,6347,6147,14.64,1853,1720
17,17361,3,Ô,36968,36940,110.59,12545,11942
17,17365,3,咬,26987,26927,20.33,10446,10018
17,17384,3,u꒬,20422,22216,246.76,7493,7849
17,17386,3,Bu,13174,14277,111.52,4447,4561
17,17407,3,\o,17571,18535,89.45,6055,6133
17,17461,3,,8786,9735,183.21,3461,3659
17,17463,3,\o,17568,19565,273.27,6904,7364
18,18201,2,s,265904,266796,536.41,99872,97446
18,18202,2,։s,66165,67760,251.39,26545,26453
18,18204,2,ls,29670,31340,233.09,11220,11477
18,18205,2,s,33109,35291,872.43,10698,10847
18,18206,2,Rs,24125,25466,253.88,7703,7773
18,18207,2,I]s,68284,67450,84.59,22335,21028
18,18208,2,s,28729,29989,116.98,9697,9735
18,18209,2,zOs,81524,85614,230.7,27889,27601
18,18210,2,s,90280,91900,209.67,29454,28744
18,18322,3,i,19883,20647,94.43,7276,7217
18,18382,3,rc,2638,3046,194.65,902,1006
18,18404,3,zO,10799,11551,343.69,3353,3483
18,18423,3,zO,21538,23160,153.15,6560,6728
18,18442,3,l,9914,10563,152.35,3899,3879
18,18481,3,l,10596,11062,72.4,4191,4044
18,18483,3,,8325,8580,212.19,3222,3144
19,18501,3,ዷ,15257,16099,178.49,4871,4994
19,19201,2,b{s,193125,198992,212.47,85057,85101
19,19202,2,xmgcs,49003,50619,121.74,18091,17713
19,19204,2,ss,32002,33588,161.63,13465,13536
19,19205,2,Rs,35141,36832,289.8,12961,13039
19,19206,2,匎s,25419,28120,280.25,9804,10151
19,19207,2,Bs,30680,32477,143.69,11673,11826
19,19208,2,AvXs,70828,72635,264.14,25135,24500
19,19209,2,kms,45111,46968,602.48,18408,18281
19,19210,2,bs,74386,73807,71.95,29463,28207
19,19211,2,Js,69559,70529,201.92,26268,25500
19,19212,2,쌴s,24805,27114,170.57,9661,10032
19,19213,2,bBs,31671,33927,264.11,11389,11588
19,19214,2,s,31124,31322,31.69,12789,12179
19,19346,3,sO,15673,17111,75.18,5885,6074
19,19364,3,쒬,1068,1246,369.96,573,681
19,19365,3,g,12669,14462,301.98,5211,5593
19,19366,3,암,8067,9011,200.87,3006,3088
19,19368,3,xm쒬,15294,16307,112,5673,5769
19,19384,3,a,19505,17653,9.08,8223,7162
19,19422,3,u,1743,1919,79.68,591,588
19,19423,3,j,4342,4541,15.22,1478,1443
19,19424,3,E쑺,8968,8635,25.05,3034,2802
19,19425,3,RΑ,5208,5324,53.05,1855,1763
19,19429,3,,2921,2964,89.58,1036,1015
19,19430,3,xm͌Β,25329,25471,158.4,9616,9409
19,19442,3,,726,816,52.78,337,347
19,19443,3,OgR,563,685,101.3,294,334
20,20201,2,s,377598,381511,834.81,150414,146520
20,20202,2,{s,243293,243037,978.47,100173,97303
20,20203,2,cs,156827,159597,552.04,62696,60660
20,20204,2,Js,50128,52841,85.1,19100,19501
20,20205,2,ѓcs,101581,105335,658.66,37694,37867
20,20206,2,zKs,50140,51200,109.17,20401,20444
20,20207,2,{s,50725,52168,149.67,18447,18106
20,20208,2,s,42512,43997,98.55,16662,16343
20,20209,2,ɓߎs,68271,71093,667.93,26231,26112
20,20210,2,s,32759,33693,165.86,12437,12161
20,20211,2,s,43909,45638,112.18,15296,15092
20,20212,2,咬s,28041,29801,565.15,10826,11054
20,20213,2,юRs,21438,23545,202.43,7423,7694
20,20214,2,s,55912,56391,266.59,22301,21687
20,20215,2,Ks,67135,67670,289.98,26350,25092
20,20217,2,vs,99368,100552,423.51,38487,37032
20,20218,2,Ȏs,60298,62068,119.79,21573,21449
20,20219,2,s,30107,30696,112.37,11004,10801
20,20220,2,ܖs,95282,96479,331.78,34732,34185
20,20303,3,C,4713,5180,114.2,1873,1843
20,20304,3,㑺,4607,4972,209.61,1205,1336
20,20305,3,q,3408,3528,133.09,1036,1005
20,20306,3,쑊ؑ,1005,1121,66.05,428,433
20,20307,3,kؑ,774,842,56.32,333,331
20,20309,3,v䒬,11186,12069,188.15,4014,4092
20,20321,3,y,18994,19018,156.03,8247,8082
20,20323,3,c,15184,14738,58.79,6118,5623
20,20324,3,Ȓ,7265,7707,66.87,2682,2672
20,20349,3,ؑ,4343,4609,57.1,1556,1563
20,20350,3,a,6166,6780,183.86,2416,2468
20,20361,3,zK,20236,21532,66.87,7946,8361
20,20362,3,xm,14493,15338,144.76,5396,5634
20,20363,3,,7566,7573,43.26,2673,2568
20,20382,3,C쒬,19770,20909,169.2,7343,7356
20,20383,3,֒,25241,26214,85.91,9240,9112
20,20384,3,ѓ,9530,9902,86.96,3325,3242
20,20385,3,얥֑,15063,14543,40.99,5839,5560
20,20386,3,쑺,4850,5074,77.05,1584,1576
20,20388,3,{c,8821,8974,54.5,3122,3092
20,20402,3,쒬,13167,13676,72.79,4355,4287
20,20403,3,X,13080,13216,45.36,4247,4157
20,20404,3,쒬,4962,5455,123.07,1737,1793
20,20407,3,q,6538,7036,214.43,2188,2301
20,20409,3,J,484,563,77.37,211,229
20,20410,3,H,970,1129,89.97,416,450
20,20411,3,,3851,4200,38.12,1159,1189
20,20412,3,ؑ,575,656,43.43,270,288
20,20413,3,V,1365,1657,109.44,651,737
20,20414,3,ו,1702,1910,64.59,639,657
20,20415,3,ؑ,6310,6692,66.61,2029,2058
20,20416,3,Lu,6592,6819,76.79,2054,2000
20,20417,3,厭,1023,1160,248.28,475,531
20,20422,3,㏼,4670,5245,168.42,1864,2029
20,20423,3,ؑ],4313,4810,215.93,1713,1830
20,20425,3,ؑc,2926,3134,140.5,1045,1069
20,20429,3,ꑺ,839,965,310.82,398,414
20,20430,3,K,3825,4145,234.47,1522,1537
20,20432,3,ؑ],11826,12743,476.03,4942,5070
20,20446,3,ё,2788,2970,34.38,1001,1011
20,20448,3,⑺,1843,1953,39.05,698,732
20,20450,3,R`,8395,8425,24.98,2725,2601
20,20451,3,,4462,4741,70.62,1412,1422
20,20452,3,}k,4730,5172,99.47,1780,1839
20,20481,3,rc,9926,10329,40.16,3518,3510
20,20482,3,쑺,9948,10093,47.07,3497,3386
20,20485,3,n,8929,9205,189.36,3477,3245
20,20486,3,J,2904,3221,267.91,1195,1250
21,20521,3,钬,14871,15730,53.64,5473,5505
21,20541,3,z{,10702,11072,19.12,3528,3511
21,20543,3,R,7033,7563,98.56,2291,2288
21,20561,3,Rm,12429,13678,265.9,4465,4666
21,20562,3,ؓ,4658,4939,99.32,1564,1560
21,20563,3,򉷐,3479,3853,57.96,1159,1221
21,20583,3,MZ,8469,9238,149.3,3157,3247
21,20588,3,쑺,2665,3041,58.11,1086,1152
21,20590,3,эj,11063,11865,75,3769,3788
21,20602,3,h,1953,2215,271.66,775,849
21,21201,2,򕌎s,406735,413136,203.6,165443,161718
21,21202,2,_s,159879,161160,206.57,60085,58536
21,21203,2,Rs,89182,92747,2177.61,32670,32213
21,21204,2,s,110441,112595,91.25,41446,40200
21,21205,2,֎s,89153,91418,472.33,32827,32212
21,21206,2,Ðs,78883,80910,676.45,28438,27885
21,21207,2,Zs,20760,22629,117.01,7508,7743
21,21208,2,Qs,38730,40387,174.86,13904,13597
21,21209,2,Hs,67337,67197,53.66,23948,22707
21,21210,2,bߎs,51073,53718,504.24,18106,18140
21,21211,2,ZΎs,55384,54729,74.81,20501,19801
21,21212,2,ys,57827,60475,116.02,21039,20760
21,21213,2,es,144690,145604,87.81,53470,51961
21,21214,2,s,98695,97436,87.57,37171,34768
21,21215,2,Rs,27114,29629,221.98,9640,9731
21,21216,2,s,54354,51950,28.19,21011,19376
21,21217,2,ˎs,24696,26732,792.53,8509,8770
21,21218,2,{s,33995,35047,374.65,11346,11150
21,21219,2,Ss,42090,44491,1030.75,14610,14622
21,21220,2,Cs,33585,36314,851.21,12140,12496
21,21221,2,CÎs,35206,37941,112.03,11513,11645
21,21302,3,쒬,24622,23804,7.91,9560,8971
21,21303,3,},22750,22809,10.3,8191,7840
21,21341,3,{V,29029,31332,72.29,9378,9536
21,21361,3,䒬,27556,28505,57.09,9374,9245
21,21362,3,փP,7419,8096,49.28,2625,2720
21,21381,3,_˒,19282,20065,18.78,6572,6511
21,21382,3,֔V,9973,10028,22.33,3138,3015
21,21383,3,,14752,15271,18.16,4713,4902
21,21401,3,K쒬,21503,23784,803.44,7269,7742
21,21403,3,쒬,23453,23859,34.2,7366,7231
21,21404,3,rc,24347,24980,38.8,7897,7801
21,21421,3,k,18169,18395,5.18,7139,6925
22,21501,3,j,8202,8361,12.87,3111,3083
22,21502,3,x,5564,5516,16.82,1834,1741
22,21503,3,Ӓ,10197,10593,41.16,3561,3507
22,21504,3,@,3876,4484,90.47,1381,1457
22,21505,3,SÒ,11027,12045,128.79,3892,3999
22,21506,3,쒬,8392,9530,237.9,3002,3123
22,21507,3,쑺,2261,2514,87.09,817,837
22,21521,3,䐓,18111,18824,56.69,6514,6333
22,21604,3,쑺,1609,1733,356.64,553,601
22,22101,0,És ,253593,255375,1073.76,101673,98767
22,22102,0,És x͋,212419,213059,73.05,90631,87433
22,22103,0,És ,238977,247763,265.09,93709,92819
22,22131,0,ls ,237443,238477,44.34,106191,103707
22,22132,0,ls ,128555,126609,46.29,50106,47647
22,22133,0,ls ,111353,113654,114.71,38730,38359
22,22134,0,ls ,100870,102381,46.84,38259,37517
22,22135,0,ls k,93567,94680,295.54,32017,31430
22,22136,0,ls lk,95900,91108,66.5,32493,29695
22,22137,0,ls V,30292,33957,943.84,11431,12089
22,22203,2,Îs,195633,202304,186.96,80798,79616
22,22205,2,MCs,37544,39611,61.78,18846,19740
22,22206,2,Os,110046,111838,62.02,45218,44620
22,22207,2,xm{s,130770,132001,389.08,49004,46988
22,22208,2,ɓs,68345,71437,124.1,30478,30636
22,22209,2,cs,98112,100276,315.7,34310,33280
22,22210,2,xms,248399,254027,244.95,92581,90980
22,22211,2,֓cs,167210,168625,163.45,61346,59414
22,22212,2,ĒÎs,139462,143249,70.31,50648,49299
22,22213,2,|s,114602,116363,265.69,41050,39497
22,22214,2,}s,143605,142151,194.06,52315,49658
22,22215,2,as,88078,89030,194.9,31610,31403
22,22216,2,܈s,85789,84846,108.33,31453,29791
22,22219,2,cs,22916,25013,104.38,10397,10794
22,22220,2,s,52737,54546,138.12,20792,21042
22,22221,2,ΐs,59789,60107,86.56,22546,21619
22,22222,2,ɓs,31317,34202,363.97,12158,12583
22,22223,2,Os,32578,34700,65.56,11345,11494
22,22224,2,es,46763,47041,94.19,16095,15485
22,22225,2,ɓ̍s,48152,49269,94.62,18677,18742
22,22226,2,qVs,45547,49019,111.69,15416,15607
22,22301,3,ɓ,12624,14064,77.81,5620,5988
22,22302,3,͒Ò,7303,7998,100.69,2919,3029
22,22304,3,ɓ,8524,9516,109.94,3435,3710
22,22305,3,蒬,6837,7653,85.19,2832,3018
22,22306,3,ɓ,8234,9469,105.54,3673,4030
22,22325,3,쒬,37661,38571,65.16,14317,13993
22,22341,3,,32118,32302,8.81,12363,12180
22,22342,3,,42331,40763,26.63,16427,15512
22,22344,3,R,19497,20629,135.74,6431,6564
22,22424,3,gc,29093,29815,20.73,10244,10253
22,22429,3,썪{,7192,8074,496.88,2883,2986
22,22461,3,X,18528,19435,133.91,6133,6126
23,23101,0,És ,164696,160015,18.18,85028,80411
23,23102,0,És ,78043,73272,7.71,41311,38562
23,23103,0,És k,163579,165785,17.53,75428,74641
23,23104,0,És ,149098,144995,17.93,70078,66133
23,23105,0,És ,133206,136164,16.3,66039,68877
23,23106,0,És ,83203,78353,9.38,53533,50000
23,23107,0,És a,107170,105536,10.94,55108,53782
23,23108,0,És ,105357,105061,11.22,48629,47826
23,23109,0,És Mc,65895,64719,8.2,31884,30098
23,23110,0,És ,220281,221521,32.02,95495,92639
23,23111,0,És `,146745,149215,45.64,61713,59274
23,23112,0,És ,136935,141310,18.46,61064,61757
23,23113,0,És R,172845,168551,34.01,69687,67087
23,23114,0,És ΋,241822,229592,37.91,95210,87672
23,23115,0,És ,164080,161012,19.45,73922,71894
23,23116,0,És V,162683,158793,21.58,74368,70574
23,23201,2,Ls,374765,376665,261.86,144222,141424
23,23202,2,s,381051,372357,387.2,147418,138255
23,23203,2,{s,380868,378566,113.82,142480,135837
23,23204,2,ˎs,129046,132224,111.4,50327,50289
23,23205,2,cs,116908,118828,47.42,46281,44869
23,23206,2,ts,306508,305569,92.78,124291,119187
23,23207,2,Ls,182436,181928,161.14,67976,64904
23,23208,2,Ós,63431,65258,25.09,23833,23509
23,23209,2,ɓs,71346,72018,36.68,26477,25265
23,23210,2,Js,149765,145781,50.39,62476,58917
23,23211,2,Lcs,422542,421487,918.32,169598,162065
23,23212,2,s,184140,178691,86.05,70862,66707
23,23213,2,s,167990,165298,161.22,58951,54435
23,23214,2,Ss,81100,82249,56.95,29950,28864
23,23215,2,Rs,74308,75198,74.9,28269,27359
23,23216,2,튊s,56547,54858,55.89,22506,20769
23,23217,2,]s,98359,99730,30.2,37130,35768
23,23219,2,qs,149462,147132,62.81,59383,55783
23,23220,2,s,136867,136358,79.35,49986,47500
23,23221,2,Vs,47133,49864,499.23,16454,16430
23,23222,2,Cs,111944,107690,43.43,46371,42859
23,23223,2,{s,89157,85249,33.66,35669,33484
23,23224,2,ms,84617,84768,45.9,33009,31263
23,23225,2,ms,70501,68398,16.31,29312,27882
23,23226,2,s,80787,81140,21.03,31806,31009
23,23227,2,ls,46236,44027,13.11,17684,16090
23,23228,2,qs,47562,47340,10.47,20390,18963
23,23229,2,Ls,69127,69745,23.22,27504,26872
23,23230,2,is,87977,84237,34.91,34210,33418
23,23231,2,cs,62364,64119,191.12,21640,21145
23,23232,2,s,63088,64978,66.7,21131,20747
23,23233,2,{s,67327,65841,17.35,27056,25381
23,23234,2,kÉs,84133,81571,18.37,33742,31820
23,23235,2,xs,43269,43272,49,16050,15041
23,23236,2,݂悵s,61810,60098,32.19,22552,21054
23,23237,2,܎s,86898,86714,27.49,33190,31355
23,23238,2,vs,57598,52022,21.55,25069,22240
23,23302,3,,42858,41851,18.03,15766,14935
23,23342,3,LR,15177,14405,6.18,6181,5776
23,23361,3,,23274,22446,13.61,8316,7723
23,23362,3,}K,33806,33558,11.19,12679,12161
23,23424,3,厡,30990,29891,6.59,12105,11285
23,23425,3,I],37085,36688,11.09,14971,14078
23,23427,3,򓇑,4397,4525,22.42,1259,1288
23,23441,3,v䒬,27747,25466,23.8,9627,8518
23,23442,3,Y,49230,49800,31.14,18524,18020
23,23445,3,m,18707,20549,38.37,6981,7197
23,23446,3,l,23575,25178,46.2,9314,9700
23,23447,3,L,42473,42408,25.92,16724,16192
24,23501,3,Kc,39549,37930,56.72,13693,12697
24,23561,3,݊y,5074,5769,273.94,2015,2194
24,23562,3,h,3446,3757,123.38,1436,1497
24,23563,3,L,1135,1336,155.88,490,555
24,24201,2,Îs,279886,285746,711.11,114679,113092
24,24202,2,lss,311031,307766,206.44,128309,120020
24,24203,2,ɐs,127817,130271,208.35,50938,49361
24,24204,2,s,163863,168017,623.66,63948,63611
24,24205,2,Ks,140303,140290,136.68,53741,51525
24,24207,2,鎭s,196403,199293,194.46,77725,75868
24,24208,2,s,78795,80284,129.77,30595,29481
24,24209,2,hs,18009,20033,192.71,8660,9219
24,24210,2,TRs,50254,51023,191.04,19945,19213
24,24211,2,Hs,19448,21435,107.34,7730,8057
24,24212,2,Fs,17322,19662,373.35,8151,9008
24,24214,2,Ȃ׎s,45815,45684,219.83,17106,15972
24,24215,2,us,50341,54694,178.94,20057,20553
24,24216,2,ɉs,90581,97207,558.23,33651,34915
24,24303,3,ؑ],6357,6855,15.74,2174,2250
24,24324,3,,25344,25661,22.68,8863,8580
24,24341,3,Ԗ쒬,40210,39978,107.01,14423,13568
24,24343,3,,10560,9626,5.99,3852,3389
24,24344,3,z,14752,14003,8.73,6023,5601
24,24441,3,C,14878,15438,103.06,5160,5278
24,24442,3,a,22586,22833,41.04,7697,7422
24,24443,3,䒬,9557,10416,362.86,3778,3906
24,24461,3,ʏ钬,15431,15297,40.91,5260,5064
24,24470,3,x,8309,8692,134.98,2626,2605
24,24471,3,I,8939,9846,233.32,3691,3912
24,24472,3,ɐ,12788,14791,241.89,5432,5926
25,24543,3,Ik,16338,18611,256.53,7269,8088
25,24561,3,l,8741,9376,88.13,3862,4000
25,24562,3,I,11207,11896,79.62,4947,5123
25,25201,2,Îs,340973,337634,464.51,136153,130335
25,25202,2,Fs,113679,112156,196.87,45546,43896
25,25203,2,ls,118193,124131,681.02,41788,43015
25,25204,2,ߍ]s,81312,81738,177.45,29784,28617
25,25206,2,Îs,137247,130874,67.82,60224,57318
25,25207,2,Rs,79859,76560,55.74,29052,26819
25,25208,2,Is,66749,63655,52.69,24592,22614
25,25209,2,bs,90901,92704,481.62,32366,31074
25,25210,2,Fs,49889,49955,80.14,18143,17476
25,25211,2,Γs,54289,54614,70.4,21286,20463
25,25212,2,s,50025,52486,693.05,18149,18132
25,25213,2,ߍ]s,114180,115479,388.37,40691,38941
25,25214,2,Čs,38719,40060,250.39,13236,12952
25,25383,3,쒬,21873,22870,117.6,7728,7678
25,25384,3,,12434,12916,44.55,4266,4413
25,25425,3,,20778,20118,37.97,7209,6761
25,25441,3,L,7422,7566,7.8,2606,2541
25,25442,3,bǒ,7039,7500,13.63,2310,2320
25,25443,3,꒬,7355,7761,135.77,2421,2383
26,26101,0,ss k,119474,122037,94.88,56804,56406
26,26102,0,ss ㋞,85113,83264,7.03,46849,43389
26,26103,0,ss ,168266,168802,246.77,83423,82067
26,26104,0,ss ,109341,105306,7.41,59085,55772
26,26105,0,ss R,39044,40528,7.48,21381,21114
26,26106,0,ss ,82668,79287,6.78,47206,43651
26,26107,0,ss ,99927,98744,15.81,47094,45036
26,26108,0,ss E,204262,202943,292.07,94525,90808
26,26109,0,ss ,280655,284085,61.66,125947,123597
26,26110,0,ss Rȋ,135471,136045,28.7,60451,58321
26,26111,0,ss ,150962,152974,59.24,63109,61420
26,26201,2,mRs,78935,79652,552.54,32170,30890
26,26202,2,ߎs,83990,88669,342.12,34709,35504
26,26203,2,s,33821,35836,347.1,13766,14006
26,26204,2,Fs,184678,189609,67.54,73317,72907
26,26205,2,{Îs,18426,19948,172.74,7738,8180
26,26206,2,Ts,89479,92399,224.8,33915,33625
26,26207,2,zs,76869,80037,32.71,29884,29972
26,26208,2,s,53380,54328,7.72,21356,21282
26,26209,2,s,80090,79844,19.17,32491,31514
26,26210,2,s,72664,74227,24.35,29259,28795
26,26211,2,cӎs,70835,67910,42.92,29693,27839
26,26212,2,Os,55054,59038,501.43,20469,20690
26,26213,2,Os,33145,35214,616.4,12783,12721
26,26214,2,ؒÐs,72840,69761,85.13,26656,24393
26,26303,3,R蒬,15181,15121,5.97,5993,5750
26,26322,3,vR,15805,15914,13.86,6216,5870
26,26343,3,蒬,7910,8447,18.04,3059,3110
26,26344,3,Fc,9319,9711,58.16,3232,3097
26,26364,3,}u,1368,1626,23.52,573,631
26,26365,3,a,3956,4482,64.93,1445,1509
26,26366,3,ؒ,36376,35630,25.68,12775,12117
26,26367,3,R鑺,2652,3078,64.11,1068,1128
26,26407,3,Og,14453,15732,303.09,5448,5660
26,26463,3,ɍ,2110,2410,61.95,873,939
26,26465,3,^Ӗ쒬,21834,23454,108.38,8140,8347
27,27102,0,s s,104727,102632,6.08,51549,50075
27,27103,0,s ,72484,67290,4.67,37510,34379
27,27104,0,s ԋ,66656,65569,19.25,30712,29495
27,27106,0,s ,92430,83058,5.21,52138,47073
27,27107,0,s `,82035,84947,7.86,40348,40713
27,27108,0,s 吳,65141,69510,9.43,29209,30521
27,27109,0,s V,75729,69775,4.84,38058,34730
27,27111,0,s Q,69766,61745,4.39,47541,42392
27,27113,0,s ,95490,97504,14.22,42924,43608
27,27114,0,s ,175530,176585,13.27,92536,91894
27,27115,0,s ,80563,80231,4.54,39683,38920
27,27116,0,s ,130167,134009,8.37,63622,62808
27,27117,0,s ,91608,92455,6.32,43700,43842
27,27118,0,s 铌,164697,165832,8.38,76455,76043
27,27119,0,s {,107626,106350,5.98,50104,49318
27,27120,0,s Zg,154239,155572,9.4,71718,73917
27,27121,0,s Zg,126299,130724,9.75,57797,60057
27,27122,0,s ,111883,121972,7.37,69225,74466
27,27123,0,s ,176201,172078,12.64,94460,91116
27,27124,0,s ߌ,111557,111182,8.17,46358,45264
27,27125,0,s ZV],122988,127210,20.61,56920,56593
27,27126,0,s ,196633,200005,15.28,88960,86500
27,27127,0,s k,123667,110392,10.34,74182,65204
27,27128,0,s ,93069,78687,8.87,59084,49062
27,27141,0,s ,148205,148748,23.65,69116,67426
27,27142,0,s ,124543,123532,17.88,48538,47203
27,27143,0,s ,85189,85444,10.49,34722,34404
27,27144,0,s ,135746,133622,28.62,54614,53442
27,27145,0,s ,147626,154779,40.39,60427,61008
27,27146,0,s k,158845,156561,15.6,68538,67116
27,27147,0,s ,39156,39280,13.2,14346,13866
27,27202,2,ݘacs,194911,199234,72.68,75247,75353
27,27203,2,Ls,395479,389341,36.39,170325,166677
27,27204,2,rcs,103069,104229,22.14,45777,45661
27,27205,2,cs,374468,355798,36.09,168473,154702
27,27206,2,Îs,75897,77548,14.31,31090,30962
27,27207,2,Ύs,351829,357359,105.29,148048,145426
27,27208,2,Lˎs,88694,90492,43.93,33355,32986
27,27209,2,s,143042,146697,12.71,64832,65129
27,27210,2,s,404152,407978,65.12,167418,163983
27,27211,2,؎s,280033,274822,76.49,116683,112282
27,27212,2,s,268800,271460,41.72,110414,108704
27,27213,2,򍲖s,100966,100801,56.51,41566,39084
27,27214,2,xcюs,113984,119576,39.72,45613,45600
27,27215,2,Qs,237518,238204,24.7,101549,99178
27,27216,2,͓s,106987,112490,109.63,42144,41339
27,27217,2,s,120750,124594,16.66,49958,49218
27,27218,2,哌s,123217,127534,18.27,51949,52381
27,27219,2,as,186109,184988,84.98,71013,68342
27,27220,2,ʎs,133411,129895,47.9,56829,53560
27,27221,2,s,71112,74773,25.33,29009,29685
27,27222,2,Hgs,112683,117681,26.45,44126,44693
27,27223,2,^s,123576,130282,12.3,55825,57880
27,27224,2,ےÎs,85007,83720,14.87,36873,34987
27,27225,2,Ύs,56529,59572,11.3,22461,23012
27,27226,2,䎛s,65438,66165,8.89,27133,26754
27,27227,2,s,502784,509533,61.78,223485,217762
27,27228,2,s,62438,64403,48.98,22800,22604
27,27229,2,ls,56075,57554,18.69,22089,21726
27,27230,2,s,76435,77686,25.55,28923,28488
27,27231,2,㋷Rs,57792,58227,11.92,22982,22473
27,27232,2,s,54276,56646,36.17,20710,20500
27,27301,3,{,29983,28935,16.81,12012,11248
27,27321,3,L\,19934,21989,34.34,7760,7871
27,27322,3,\,10256,11650,98.75,3717,3853
27,27341,3,,17298,18149,3.97,6726,6744
27,27361,3,F撬,44435,45096,17.24,16483,15775
27,27362,3,cK,8417,8085,5.62,3772,3255
27,27366,3,,15938,17504,49.18,6407,6659
27,27381,3,q,13748,14220,14.17,5066,4881
27,27382,3,͓쒬,16126,17040,25.26,6115,6426
27,27383,3,瑁ԍ㑺,5378,6015,37.3,2036,2088
28,28101,0,_ˎs ,213634,210408,34.02,97265,94039
28,28102,0,_ˎs ,136088,133451,32.66,67407,65178
28,28105,0,_ˎs ɋ,106956,108304,14.68,57875,56954
28,28106,0,_ˎs c,97912,101624,11.36,48780,48224
28,28107,0,_ˎs {,162468,167475,28.93,73278,71657
28,28108,0,_ˎs ,219474,220411,28.11,95473,94016
28,28109,0,_ˎs k,219805,226836,240.29,87126,86350
28,28110,0,_ˎs ,135153,126393,28.97,81022,73814
28,28111,0,_ˎs ,245782,249298,138.01,97233,93951
28,28201,2,PHs,535664,536270,534.47,212801,205587
28,28202,2,s,452563,453748,50.72,210433,209343
28,28203,2,Ύs,293409,290959,49.42,121890,116948
28,28204,2,{s,487850,482640,99.96,210965,202648
28,28205,2,F{s,44258,47254,182.38,18081,18447
28,28206,2,s,95350,93238,18.47,41881,39753
28,28207,2,ɒOs,196883,196127,25,78903,77263
28,28208,2,s,30129,31158,90.4,12153,12141
28,28209,2,Ls,82250,85592,697.55,30189,29741
28,28210,2,Ðs,267435,266937,138.48,103495,99645
28,28212,2,ԕs,48567,50523,126.86,18729,18826
28,28213,2,es,40866,42802,132.44,15049,14989
28,28214,2,s,224903,225700,101.8,94140,91737
28,28215,2,O؎s,77178,81009,176.51,28653,28506
28,28216,2,s,91030,93901,34.38,36340,35737
28,28217,2,쐼s,156375,156423,53.44,62675,60584
28,28218,2,s,48580,49680,92.94,16860,16470
28,28219,2,Ocs,112691,114216,210.32,41070,40068
28,28220,2,s,44313,47993,150.98,15364,15188
28,28221,2,Rs,41490,43263,377.59,15578,15342
28,28222,2,{s,24288,26501,422.91,8713,9062
28,28223,2,Ogs,64660,67757,493.21,22553,22461
28,28224,2,삠킶s,46912,49834,229.01,16968,16981
28,28225,2,s,30805,32814,403.06,11500,11655
28,28226,2,WHs,43977,46459,184.35,17451,17436
28,28227,2,s,37773,40938,658.54,12723,13174
28,28228,2,s,40310,40181,157.55,15086,14133
28,28229,2,̎s,77419,80518,210.87,27297,26803
28,28301,3,쒬,30838,31739,90.33,10780,10547
28,28365,3,,21200,23104,185.19,6665,6709
28,28381,3,,31020,31026,34.92,11026,10226
28,28382,3,d,33739,33183,9.13,13258,12581
28,28442,3,s쒬,12300,13288,82.67,4334,4350
28,28443,3,蒬,19738,19830,45.79,6906,6639
28,28446,3,_͒,11452,12289,202.23,3798,3813
28,28464,3,q,33690,33438,22.61,12092,11640
28,28481,3,S,15224,16636,150.26,5715,5870
29,28501,3,p,17510,19265,307.44,6108,6301
29,28585,3,,18070,19696,368.77,6228,6449
29,28586,3,V,14819,16004,241.01,5291,5342
29,29201,2,ޗǎs,360310,366591,276.94,148920,147421
29,29202,2,acs,64817,68451,16.48,25619,25815
29,29203,2,aSRs,87050,89023,42.69,34138,33235
29,29204,2,Vs,67398,69178,86.42,25810,25396
29,29205,2,s,124111,125605,39.56,49923,48740
29,29206,2,s,57244,60146,98.91,21672,21417
29,29207,2,ܞs,30997,34460,292.02,11199,11738
29,29208,2,䏊s,26868,30287,60.58,10415,10603
29,29209,2,s,118233,118113,53.15,45593,44484
29,29210,2,Ŏs,77561,75227,24.26,27802,26131
29,29211,2,s,36635,35859,33.72,12544,11891
29,29212,2,FɎs,31105,34227,247.5,11155,11527
29,29322,3,RY,3674,4107,66.52,1144,1196
29,29342,3,Q,18883,19727,23.9,7158,7090
29,29343,3,O,23571,23440,8.79,9155,8978
29,29344,3,,27303,27734,14.27,10330,10184
29,29345,3,g,7443,7929,4.31,2875,2934
29,29361,3,쐼,8485,8653,5.93,3248,3152
29,29362,3,O,6836,7440,4.06,2629,2637
29,29363,3,c{,31691,32121,21.09,11463,10954
29,29385,3,],1549,1895,47.76,622,675
29,29386,3,,1759,2102,79.58,748,813
29,29401,3,撬,7195,7657,25.79,2396,2435
29,29402,3,,5523,5856,24.1,1779,1799
29,29424,3,q,22054,23728,6.14,8085,8368
29,29425,3,,23025,22182,7.01,9347,8718
29,29426,3,L˒,33487,33070,16.3,11012,10525
29,29427,3,͍,17941,18531,8.23,6712,6663
29,29441,3,g쒬,7399,8642,95.65,2946,3172
29,29442,3,嗄,18069,19176,38.1,6509,6609
29,29443,3,s,5664,7020,61.99,2232,2434
29,29444,3,ꑺ,660,840,47.7,311,357
29,29446,3,V쑺,1354,1572,175.66,628,711
29,29447,3,씗쑺,449,524,154.9,227,249
29,29449,3,\Ð쑺,3508,4107,672.38,1578,1831
29,29450,3,kR,895,1039,133.39,517,559
29,29451,3,kR,512,683,274.22,270,361
29,29452,3,㑺,1313,1643,269.26,680,786
29,29453,3,g쑺,1745,2143,131.65,830,935
30,30201,2,a̎Rs,364154,370364,208.84,153089,152569
30,30202,2,Cs,51860,54783,101.06,20678,20750
30,30203,2,{s,63621,66361,130.55,23653,23468
30,30204,2,Lcs,28470,30592,36.89,10576,10735
30,30205,2,Vs,24801,26111,43.91,9913,9993
30,30206,2,cӎs,74770,79119,1026.91,32163,32693
30,30207,2,V{s,29331,31498,255.23,13617,14063
30,30208,2,I̐s,62616,65840,228.21,23457,23226
30,30209,2,os,53452,52882,38.51,20774,19545
30,30304,3,I쒬,9206,10391,128.34,3762,3971
30,30341,3,炬,16992,18230,151.69,6315,6463
30,30343,3,xR,4377,4963,44.15,1649,1741
30,30344,3,쒬,3352,3975,137.03,1468,1788
30,30361,3,,12200,13210,20.79,4755,4971
30,30362,3,L쒬,7224,7714,65.33,2503,2496
30,30366,3,Lc쒬,26361,27162,351.84,9426,9225
30,30381,3,l,7480,8077,12.77,2964,3086
30,30382,3,,7641,7432,46.19,2782,2648
30,30383,3,Rǒ,5837,6508,30.94,2223,2419
30,30390,3,쒬,8068,8606,113.62,2918,3015
30,30391,3,݂Ȃג,12742,13470,120.28,4421,4395
30,30392,3,쒬,9776,10509,331.59,3650,3750
30,30401,3,l,21533,22696,200.96,9538,9616
30,30404,3,xc,14989,14807,57.37,6017,5610
30,30406,3,ݒ,4127,4730,174.46,1927,2114
30,30421,3,ߒqY,15682,17080,183.31,7296,7723
30,30422,3,n,3087,3250,5.81,1384,1417
30,30424,3,Í쒬,2826,3103,294.23,1378,1484
30,30427,3,kR,446,486,48.2,239,256
30,30428,3,{,16558,18249,135.67,7797,8323
31,31201,2,s,193717,197449,765.31,75941,73288
31,31202,2,Ďqs,149313,148271,132.42,60037,57610
31,31203,2,qgs,49044,50720,272.06,18548,18266
31,31204,2,`s,34174,35259,29.02,13094,12870
31,31302,3,,11485,12362,122.32,3993,3982
31,31325,3,,3269,3873,199.18,1271,1405
31,31328,3,q,7154,7718,224.7,2487,2569
31,31329,3,,16985,18427,206.71,5359,5454
31,31364,3,O,6490,7015,233.52,2290,2385
31,31370,3,l,16550,17029,77.94,5482,5418
31,31371,3,ՉY,17416,18531,139.97,5795,5834
31,31372,3,kh,14820,15442,56.94,4813,4810
31,31384,3,gÑ,3439,3339,4.2,1144,1070
31,31386,3,R,16470,17491,189.83,5300,5338
31,31389,3,암,10950,11536,114.03,3514,3511
31,31390,3,˒,11118,11621,139.44,3604,3610
31,31401,3,쒬,4765,5460,340.96,1933,2099
31,31402,3,쒬,3278,3745,133.98,1279,1371
31,31403,3,]{,3004,3379,124.52,1010,1074
32,32201,2,]s,206230,208613,572.99,83031,81166
32,32202,2,lcs,58105,61713,690.66,24498,24972
32,32203,2,o_s,171938,171485,624.36,60130,55952
32,32204,2,vcs,47718,50015,733.19,19037,19243
32,32205,2,cs,35166,37996,435.71,13613,14312
32,32206,2,s,39528,41836,420.93,12805,12820
32,32207,2,]Îs,24468,25697,268.24,10123,10320
32,32209,2,_s,39032,41917,553.18,12527,12905
32,32343,3,o_,13063,14456,368.01,4464,4713
32,32386,3,ѓ쒬,5031,5534,242.88,1842,1944
32,32441,3,{,3442,3900,106.43,1457,1666
32,32448,3,,4900,5351,282.92,2010,2157
32,32449,3,W쒬,11101,11959,419.29,4224,4510
33,32501,3,Øa쒬,7653,8427,307.03,3300,3411
33,32505,3,g꒬,6374,6810,336.5,2810,2805
33,32525,3,Cm,2353,2374,33.43,1057,1052
33,32526,3,m,3027,3136,55.96,1499,1477
33,32527,3,mv,615,657,13.7,331,326
33,32528,3,B̓,14608,15521,242.83,6250,6468
33,33101,0,Rs k,309484,302685,450.7,146147,139204
33,33102,0,Rs ,146232,142237,51.25,61528,58961
33,33103,0,Rs ,95577,96948,160.53,36198,35199
33,33104,0,Rs ,168181,167714,127.48,65536,63426
33,33202,2,q~s,477118,475513,355.63,189847,183303
33,33203,2,ÎRs,103746,106788,506.33,40303,39876
33,33204,2,ʖs,60736,64588,103.58,24764,25449
33,33205,2,}s,50568,54225,136.39,19189,19676
33,33207,2,䌴s,41390,43927,243.54,14914,15108
33,33208,2,Ўs,66855,66201,211.9,24863,23459
33,33209,2,s,32075,34963,546.99,13481,14121
33,33210,2,Vs,30658,33870,793.29,11648,12208
33,33211,2,Os,35179,37839,258.17,13878,14136
33,33212,2,˓s,36975,37852,125.45,13839,13343
33,33213,2,Ԕ֎s,43214,43458,209.36,15730,15274
33,33214,2,^s,46124,48964,828.53,16084,16458
33,33215,2,s,27977,30498,429.29,10881,11205
33,33216,2,s,34235,36114,66.46,12463,12280
33,33346,3,aC,14412,15362,144.21,5236,5394
33,33423,3,,12154,12214,7.62,4349,4200
33,33445,3,,10929,10916,12.23,4027,3795
33,33461,3,|,14201,15092,90.62,4955,4947
34,33586,3,V,866,957,67.11,330,342
34,33606,3,쒬,12847,13580,419.68,4669,4725
34,33622,3,,11125,11195,54.05,4054,3928
34,33623,3,ދ`,5906,6085,69.52,1978,1989
34,33643,3,q,1472,1520,57.97,561,557
34,33663,3,vē쒬,4907,5296,78.65,1893,1957
34,33666,3,璬,14432,15642,232.17,5258,5531
34,33681,3,g,11950,13033,268.78,4374,4460
34,34101,0,Ls ,136640,130482,15.32,76889,73281
34,34102,0,Ls ,120155,120751,39.42,51790,50605
34,34103,0,Ls ,142728,138190,26.3,68785,66357
34,34104,0,Ls ,190929,186985,35.61,90461,87222
34,34105,0,Ls ,242512,233733,117.24,99411,95188
34,34106,0,Ls k,145018,149633,353.33,57151,56550
34,34107,0,Ls |,79353,78789,94.08,31302,30310
34,34108,0,Ls ,136699,135280,225.22,55816,53394
34,34202,2,s,228552,239973,352.8,97412,98654
34,34203,2,|s,26426,28644,118.23,11204,11525
34,34204,2,Os,96194,100509,471.55,39888,40247
34,34205,2,s,138626,145202,285.09,57759,58772
34,34207,2,Rs,464811,461357,518.14,185555,178718
34,34208,2,{s,40069,42563,195.75,15039,15122
34,34209,2,Os,53615,56605,778.14,21376,21786
34,34210,2,s,37000,40244,1246.49,14455,15269
34,34211,2,|s,27865,28836,78.66,11749,11851
34,34212,2,Ls,192907,190135,635.16,84847,80986
34,34213,2,ss,114906,114038,489.48,46039,44644
34,34214,2,|cs,29488,31487,537.75,11657,11804
34,34215,2,]cs,24339,27031,100.7,10741,11451
34,34302,3,{,51053,50442,10.41,21109,20237
34,34304,3,Cc,28667,28475,13.79,12246,11667
34,34307,3,F쒬,23755,24533,33.76,9430,9291
34,34309,3,⒬,12747,13262,15.69,5132,5183
34,34368,3,|c,6472,7255,341.89,2781,3017
34,34369,3,kL,18918,19969,646.2,7728,7699
34,34431,3,㓇,7992,8448,43.11,3898,3880
34,34462,3,,16337,17549,278.14,6242,6504
35,34545,3,_΍,9217,10350,381.98,3533,3753
35,35201,2,֎s,268517,280947,715.89,116298,118178
35,35202,2,Fs,169429,173772,286.65,73225,72447
35,35203,2,Rs,197422,196628,1023.23,84994,81299
35,35204,2,s,49560,53747,698.31,21620,22243
35,35206,2,h{s,115942,116611,189.37,47573,46851
35,35207,2,s,55812,55012,89.35,23757,22653
35,35208,2,⍑s,136757,143857,873.72,59080,59486
35,35210,2,s,51369,53004,92.13,20953,20913
35,35211,2,s,35439,38349,357.29,14666,15143
35,35212,2,s,32945,34730,140.05,14170,14527
35,35213,2,Is,26159,28630,472.64,10095,10534
35,35215,2,s,144842,149487,656.29,61999,61841
35,35216,2,Rzcs,62671,64550,133.09,25740,25536
35,35305,3,h哇,17199,19084,138.09,8038,8786
35,35321,3,aؒ,6285,6378,10.58,2593,2589
35,35341,3,֒,2803,3332,34.69,1459,1668
35,35343,3,cz{,15317,15986,50.42,6131,6115
35,35344,3,,12798,13491,34.58,4951,5044
36,35502,3,,3463,3743,115.95,1492,1579
36,36201,2,s,258554,264548,191.25,115015,111675
36,36202,2,s,59101,61513,135.66,23234,22994
36,36203,2,s,38755,40614,45.37,15233,15201
36,36204,2,s,73019,76063,279.25,27193,26910
36,36205,2,gs,41466,44020,144.14,15714,15794
36,36206,2,gs,37202,39247,191.11,13108,13252
36,36207,2,ns,30501,32484,367.14,11440,11648
36,36208,2,ODs,26836,29951,721.42,11311,12043
36,36301,3,Y,5301,5765,69.83,1860,1881
36,36302,3,㏟,1545,1783,109.63,732,763
36,36321,3,߉͓,2289,2588,42.28,793,834
36,36341,3,Έ䒬,25590,25954,28.85,9327,8933
36,36342,3,_R,5300,6038,173.3,2156,2351
36,36368,3,߉꒬,8402,9318,694.98,3481,3708
36,36383,3,,4259,4826,56.62,1871,2059
36,36387,3,g,7092,7765,140.8,2901,3097
36,36388,3,Cz,9283,10446,327.65,4198,4470
36,36401,3,Β,15204,15070,14.24,5881,5602
36,36402,3,k,22446,21658,8.74,8824,8269
36,36403,3,Z,34626,33338,16.27,13133,12098
36,36404,3,쒬,13358,14241,36.22,4930,4897
36,36405,3,,12039,12727,34.58,4256,4249
36,36468,3,邬,8927,10490,194.84,3838,4286
36,36489,3,݂悵,14638,15044,122.48,5325,5280
37,37201,2,s,420748,419429,375.41,182047,174278
37,37202,2,ۋTs,110010,110473,111.78,43853,42983
37,37203,2,os,53164,55621,92.49,21361,21394
37,37204,2,Pʎs,32927,33817,39.93,12977,12987
37,37205,2,ωs,59409,62690,117.84,21984,22476
37,37206,2,ʂs,50272,53000,158.63,19752,19698
37,37207,2,s,31031,33625,152.83,12441,12754
37,37208,2,OLs,65524,68512,222.71,22761,22871
37,37322,3,y,14002,15123,74.37,6061,6297
37,37324,3,,14862,16152,95.59,6411,6716
37,37341,3,Oؒ,27684,28464,75.78,10667,10639
37,37364,3,,3139,3325,14.22,1519,1510
37,37386,3,FÒ,18952,18434,8.1,8465,8050
37,37387,3,쒬,23610,24625,109.75,8548,8409
37,37403,3,Օ,9186,9967,8.47,3708,3880
37,37404,3,xÒ,23366,23498,24.38,9551,9177
37,37406,3,܂̂,18377,19087,194.45,6445,6355
38,38201,2,Rs,514865,517231,429.37,230509,224178
38,38202,2,s,158114,166532,419.13,67105,68249
38,38203,2,Fas,77465,84210,468.16,32732,34041
38,38204,2,ls,34951,38370,132.68,14995,15849
38,38205,2,Vls,119903,121735,234.46,50653,50377
38,38206,2,s,108174,112091,509.98,44595,44630
38,38207,2,Fs,44086,47157,432.22,18057,18410
38,38210,2,ɗ\s,36827,38017,194.44,14003,13959
38,38213,2,ls,87413,90187,421.24,34999,34951
38,38214,2,\s,38919,42080,514.34,16365,17096
38,38215,2,s,34613,35253,211.3,13978,13490
38,38356,3,㓇,7135,7648,30.38,3386,3618
38,38386,3,v,8447,9644,583.69,4052,4468
38,38401,3,O,30064,30359,20.41,11525,11308
38,38402,3,u,21239,21981,101.59,8356,8272
38,38422,3,q,16742,18045,299.43,6475,6722
38,38442,3,ɕ,9626,10882,93.98,4488,4884
38,38484,3,쒬,4072,4377,98.45,1675,1748
38,38488,3,Sk,10705,11633,241.88,4614,4801
39,38506,3,쒬,21902,24061,238.99,9410,9837
39,39201,2,ms,337190,343393,308.99,153594,150857
39,39202,2,ˎs,13524,15210,248.18,6512,6996
39,39203,2,|s,17577,19547,317.21,7604,8111
39,39204,2,썑s,47982,49472,125.3,19481,19377
39,39205,2,ys,27038,28686,91.49,10255,10544
39,39206,2,{s,22606,24698,135.44,9121,9323
39,39208,2,hюs,20907,22610,286.19,8925,9213
39,39209,2,ys,13778,16029,266.34,6586,7216
39,39210,2,l\s,34313,35933,632.29,14771,14874
39,39211,2,s,32961,33830,126.48,12953,12877
39,39212,2,s,27513,28766,537.86,11979,12245
39,39301,3,m,2584,2947,74.06,1382,1461
39,39302,3,ޔ,3326,3542,28.36,1474,1480
39,39303,3,c쒬,2733,2932,6.53,1188,1214
39,39304,3,c,2631,2970,52.36,1146,1203
39,39305,3,k쑺,1294,1367,196.73,582,598
39,39306,3,nH,823,1013,165.48,391,450
39,39307,3,|,3858,4048,39.6,1488,1490
39,39341,3,{R,3573,4103,134.22,1688,1758
39,39344,3,L,3962,4719,315.06,2050,2312
39,39363,3,y,3997,4358,212.13,1734,1799
39,39364,3,쑺,396,411,95.27,210,213
39,39386,3,̒,22767,25062,470.97,9198,9772
39,39387,3,m쒬,5551,6500,333,2778,3074
39,39401,3,y,6840,7591,193.28,2916,3113
39,39402,3,쒬,13114,13951,100.8,5237,5340
39,39403,3,zm,5795,6374,111.95,2518,2641
39,39405,3,,3608,3984,236.45,1560,1769
39,39410,3,,5030,5447,44.85,1968,2063
39,39411,3,Ö쒬,5794,6407,197.85,2297,2406
39,39412,3,l\,17325,18726,642.3,7454,7750
39,39424,3,匎,5095,5783,102.94,2369,2573
39,39427,3,O,1574,1681,85.37,703,745
39,39428,3,,11217,12366,188.59,4899,5052
40,40101,0,kBs i,99637,104469,73.67,43082,44232
40,40103,0,kBs ᏼ,82844,85167,71.31,33692,33495
40,40105,0,kBs ˔,59116,61583,16.61,27797,28064
40,40106,0,kBs qk,181878,181936,39.23,91253,89036
40,40107,0,kBs q,212850,214793,171.74,88497,86420
40,40108,0,kBs ,68844,71801,36.26,31442,32142
40,40109,0,kBs ,256117,257097,83.13,110562,107313
40,40131,0,s ,306015,292199,69.36,141682,133165
40,40132,0,s ,228441,212527,31.63,138832,124266
40,40133,0,s ,192688,178429,15.4,116186,106966
40,40134,0,s ,255797,247096,30.98,119637,112423
40,40135,0,s ,206868,193280,84.17,88142,78018
40,40136,0,s ,130995,128659,15.99,64606,62266
40,40137,0,s ǋ,217877,211553,95.87,95735,90254
40,40202,2,喴cs,117360,123638,81.45,49398,49936
40,40203,2,vĎs,304552,302402,229.96,121913,116664
40,40204,2,s,57146,57686,61.76,23281,22645
40,40205,2,ђˎs,129146,131492,214.07,54732,53451
40,40206,2,cs,48441,50605,54.55,20955,21198
40,40207,2,s,67777,71375,77.15,23453,23333
40,40210,2,s,64408,69057,482.44,22109,22316
40,40211,2,}s,48339,48512,41.78,17379,16628
40,40212,2,s,34838,37448,33.62,12709,12577
40,40213,2,ss,70586,70468,70.05,28648,27634
40,40214,2,LOs,25940,27031,111.1,10070,10095
40,40215,2,Ԏs,41796,44210,15.96,17414,17801
40,40216,2,Ss,57983,58499,45.51,20964,20024
40,40217,2,}s,101081,100172,87.73,39350,37703
40,40218,2,ts,110743,106780,14.15,43720,41075
40,40219,2,s,99525,95087,26.89,39885,36778
40,40220,2,@s,96516,95501,119.91,38995,37077
40,40221,2,ɕ{s,72168,70482,29.6,29107,27850
40,40223,2,És,57959,57920,42.07,22320,21517
40,40224,2,Îs,58781,55431,52.76,22272,20482
40,40225,2,͎s,29509,31640,117.46,9940,10219
40,40226,2,{s,28112,30081,139.99,10737,11094
40,40227,2,Ös,38743,42589,135.11,15637,16472
40,40228,2,qs,52444,56355,246.71,19088,19064
40,40229,2,݂܎s,38139,40732,105.21,12941,13072
40,40230,2,s,96475,98435,215.7,34739,33765
40,40305,3,߉ϐ쒬,50004,49780,74.95,18291,17619
40,40341,3,F,37927,38592,30.21,13119,12867
40,40342,3,I,31210,31318,38.93,11539,11060
40,40343,3,uƒ,45256,43564,8.69,17591,16617
40,40344,3,{b,27263,26044,16.31,9919,9077
40,40345,3,V{,30344,24679,18.93,10946,8865
40,40348,3,vR,8225,8373,37.44,2825,2657
40,40349,3,,45360,41997,14.13,18005,16232
40,40381,3,,14208,15369,11.6,5573,5891
40,40382,3,,28997,30021,11.01,12220,12087
40,40383,3,_,31580,32119,48.64,11784,11656
40,40384,3,꒬,18877,19160,22.15,7269,7056
40,40401,3,|,7810,8602,14.18,3331,3511
40,40402,3,Ǝ蒬,16007,17088,35.6,6393,6510
40,40421,3,j쒬,13496,13863,20.14,5226,5216
40,40447,3,}O,29306,29155,67.1,9767,9297
40,40448,3,,2174,2432,51.97,742,798
41,40503,3,品,15138,15284,22.84,5008,4793
41,40522,3,ؒ,14176,14350,18.44,4556,4470
41,40544,3,L쒬,20183,20253,37.94,7007,6799
41,40601,3,t,10861,11685,44.5,4429,4595
41,40602,3,Yc,9924,10909,132.2,4029,4215
41,40604,3,c,9020,9617,8.04,3814,3924
41,40605,3,蒬,16789,18264,36.14,7349,7693
41,40608,3,C,5176,5503,14.26,2052,2083
41,40609,3,ԑ,3022,3251,31.98,1127,1157
41,40610,3,q,22871,24714,42.06,8727,8998
41,40621,3,c,34963,36005,48.88,15341,15560
41,40625,3,݂₱,20243,21572,151.34,7527,7703
41,40642,3,gx,6627,6792,5.72,2589,2645
41,40646,3,ђ,7458,7852,62.44,2791,2843
41,40647,3,z㒬,18587,19544,119.61,7250,7444
41,41201,2,s,236372,237506,431.84,93306,90435
41,41202,2,Îs,122785,126926,487.58,43872,43651
41,41203,2,s,72902,69074,71.72,27630,25219
41,41204,2,vs,19749,21404,96.96,6847,7100
41,41205,2,ɖs,55238,57161,255.25,19698,19614
41,41206,2,Ys,49062,50699,195.4,16932,16674
41,41207,2,s,29684,30720,112.12,10124,10055
41,41208,2,s,44259,45133,95.81,14769,14305
41,41209,2,s,27336,28984,126.41,9214,9314
41,41210,2,_s,31842,32899,125.13,10913,10741
41,41327,3,g샖,16411,16405,43.99,5891,5478
41,41341,3,R,17501,17837,22.15,6321,6025
41,41345,3,,9283,9224,12.8,3260,3074
41,41346,3,݂₫,25278,26175,51.92,8638,8437
41,41387,3,C,5902,6379,35.92,1918,1959
41,41401,3,Lc,20148,20929,65.85,6900,6916
41,41423,3,咬,6777,7369,11.5,2560,2694
41,41424,3,]k,9583,9515,24.49,3225,3076
41,41425,3,Β,23941,25607,99.56,7253,7346
41,41441,3,ǒ,8779,9842,74.3,2838,2925
42,42201,2,s,429508,443766,405.86,189419,187685
42,42202,2,ێs,255439,261101,426.06,105011,104583
42,42203,2,s,45436,47455,82.97,17068,17039
42,42204,2,|s,138078,140752,341.79,51897,50989
42,42205,2,呺s,92757,90517,126.62,36070,34044
42,42207,2,ˎs,31920,34905,235.08,12421,12885
42,42208,2,Ys,23309,25145,130.55,8994,9214
42,42209,2,Δns,31457,34407,708.63,13393,13813
42,42210,2,s,27103,29377,139.42,10002,10401
42,42211,2,ܓs,37327,40622,420.05,17425,18382
42,42212,2,Cs,28691,31176,241.59,11494,11875
42,42213,2,_s,44115,47245,214.31,15376,15863
42,42214,2,쓇s,46535,50363,170.11,16664,17160
42,42307,3,^,42548,42535,28.73,16237,15478
42,42308,3,Ò,29804,30110,20.94,11137,10787
42,42321,3,ދn,8298,8903,74.29,2744,2747
42,42322,3,I,14067,14651,37.35,5103,5144
42,42323,3,g,14891,15227,56,4957,4780
42,42383,3,l꒬,2560,2849,25.53,1210,1287
42,42391,3,X,13626,13599,32.27,5102,4884
42,42411,3,Vܓ,19718,22074,213.94,8996,9620
43,43101,0,F{s ,186300,184353,25.45,95754,92242
43,43102,0,F{s ,190451,188082,50.19,78406,74942
43,43103,0,F{s ,93171,93805,89.33,38944,37610
43,43104,0,F{s ,127769,122600,110.01,47144,43499
43,43105,0,F{s k,143131,145634,115.34,55208,54120
43,43202,2,s,127472,132266,681.36,47972,47458
43,43203,2,lgs,33880,35611,210.55,13849,14001
43,43204,2,rs,53407,55321,57.37,20910,20898
43,43205,2,s,25411,26978,163.29,10639,10893
43,43206,2,ʖs,66782,69541,152.6,24474,24344
43,43208,2,Rs,52264,55391,299.69,19145,19308
43,43210,2,ers,48167,50194,276.85,16949,16706
43,43211,2,Fys,37026,37727,74.3,13285,12808
43,43212,2,Vs,27006,29902,126.91,10477,10994
43,43213,2,Fs,59756,61878,188.61,21432,21077
43,43214,2,hs,27018,28444,376.3,10078,10100
43,43215,2,Vs,82739,89065,683.78,33224,34272
43,43216,2,us,58370,55002,53.19,20560,18913
43,43348,3,,10333,11388,144,3611,3791
43,43364,3,ʓ,5265,5554,24.33,1825,1825
43,43367,3,֒,9786,10564,68.92,3560,3681
43,43368,3,F,15889,16594,19.43,6139,6051
43,43369,3,a,10191,11247,98.78,3512,3624
43,43403,3,Ò,33452,31234,99.1,12705,11478
43,43404,3,ez,40984,37734,37.46,15950,14124
43,43423,3,쏬,4048,4429,115.9,1642,1702
43,43424,3,,7187,7877,136.94,2805,2875
43,43425,3,YR,1510,1606,60.81,526,575
43,43428,3,X,6325,6716,175.06,2463,2524
43,43432,3,,6802,6792,77.22,2341,2221
43,43433,3,숢h,11503,11972,137.32,4676,4610
43,43441,3,D,17237,17888,99.03,6317,6224
43,43442,3,Ó,9054,8676,16.65,3170,2930
43,43443,3,v钬,33611,32676,65.68,11477,10935
43,43444,3,b,10717,11181,57.93,3710,3693
43,43447,3,Rs,15149,16981,544.67,5594,5906
43,43468,3,X쒬,11994,12715,33.36,3878,3973
43,43482,3,k,17661,19316,233.98,6481,6796
43,43484,3,Óޖؒ,4673,5062,34.09,1744,1826
44,43501,3,ђ,10766,11075,85.04,3641,3602
44,43505,3,ǖؒ,9791,10554,165.86,3537,3614
44,43506,3,O,3985,4375,48.37,1479,1515
44,43507,3,㑺,2232,2405,190.96,822,854
44,43510,3,Ǒ,4468,4934,94.54,1504,1529
44,43511,3,ܖؑ,1055,1205,252.92,461,503
44,43512,3,R],3422,3681,121.19,1149,1163
44,43513,3,,3698,4249,207.58,1368,1489
44,43514,3,蒬,15523,16638,159.56,5298,5414
44,43531,3,k,7739,8314,67.57,2895,3002
44,44201,2,啪s,478146,474094,502.39,203515,195623
44,44202,2,ʕ{s,122138,125385,125.34,55624,56070
44,44203,2,Îs,83965,84312,491.53,35785,34574
44,44204,2,cs,66523,70940,666.03,25238,25551
44,44205,2,s,72211,76951,903.11,29574,30511
44,44206,2,Pns,38748,41469,291.2,15077,15394
44,44207,2,Ëvs,17969,19917,79.48,7518,7978
44,44208,2,|cs,22332,24423,477.53,9100,9588
44,44209,2,L㍂cs,22853,23906,206.24,9572,9665
44,44210,2,nzs,30185,32083,280.08,12084,12181
44,44211,2,Fs,56258,59008,439.05,22524,22869
44,44212,2,Ls,36584,39452,603.14,14326,14854
44,44213,2,Rzs,34262,34702,319.32,13291,12874
44,44214,2,s,28647,32002,318.08,12112,13139
44,44322,3,P,1991,2189,6.98,879,913
44,44341,3,o,28058,28221,73.32,10855,10517
44,44461,3,d,9645,10421,271.37,3473,3601
44,44462,3,쒬,15823,17054,286.51,5988,6149
45,45201,2,{s,401138,400583,643.67,175408,170136
45,45202,2,ss,165029,169602,653.36,69965,69856
45,45203,2,s,125159,131182,868.02,51751,52454
45,45204,2,s,54090,57689,536.11,22678,23228
45,45205,2,юs,46221,48270,562.95,19498,19576
45,45206,2,s,61761,63223,336.93,24815,24791
45,45207,2,Ԏs,18779,20453,295.16,7952,8417
45,45208,2,ss,30683,32614,438.79,12004,12197
45,45209,2,т̎s,19538,21606,282.93,8568,9078
45,45341,3,OҒ,25404,24800,110.02,9967,9503
45,45361,3,,9300,10000,85.39,3914,4042
45,45382,3,x,19606,20909,130.63,7606,7746
45,45383,3,,7345,7224,95.19,2915,2851
45,45401,3,璬,21025,21733,43.8,8678,8668
45,45402,3,Vx,17373,18092,61.53,6376,6362
45,45403,3,ėǑ,1089,1241,271.51,509,598
45,45404,3,؏钬,5231,5177,145.96,1958,1897
45,45405,3,쒬,16109,17009,90.12,5936,6020
45,45406,3,s_,10391,11137,102.11,3940,4024
45,45421,3,쒬,18183,18854,120.51,6824,6840
45,45429,3,ˑ,1739,1882,187.56,688,719
45,45430,3,ŗt,2808,3092,537.29,1128,1203
45,45431,3,,5480,6248,448.84,2332,2516
45,45441,3,䒬,12755,13723,237.54,4678,4794
45,45442,3,Ve,3946,4463,277.67,1493,1621
45,45443,3,܃,3887,4427,171.73,1277,1368
46,46201,2,s,599814,605846,547.55,270269,264686
46,46203,2,s,103608,105070,448.15,44911,44404
46,46204,2,s,22046,23638,74.78,10062,10434
46,46206,2,vs,21198,23154,134.29,9196,9830
46,46208,2,os,53758,55621,329.98,22508,22555
46,46210,2,whs,41831,44396,148.84,18509,19210
46,46213,2,V\s,15967,16951,205.66,7368,7569
46,46214,2,s,15520,17248,162.12,6988,7470
46,46215,2,Fs,96076,99589,682.92,40686,41449
46,46216,2,us,49249,50822,253.01,19649,19916
46,46217,2,]s,36557,39221,390.11,16134,16859
46,46218,2,s,125857,127487,603.18,54334,53971
46,46219,2,ؖs,29282,31144,112.3,12159,12315
46,46220,2,삳܎s,35439,38704,283.59,15361,16419
46,46221,2,uzus,31479,33034,290.28,13869,14149
46,46222,2,s,43156,46121,308.27,19627,20114
46,46223,2,Bs,36352,39065,357.91,15349,16069
46,46224,2,ɍs,26810,29304,392.56,12110,12798
46,46225,2,ǎs,75173,74809,231.25,31435,30478
46,46303,3,O,407,418,31.4,223,242
46,46304,3,\,756,657,101.14,427,396
46,46392,3,ܒ,22400,24109,303.9,9690,9969
46,46404,3,,10431,11105,116.13,4137,4303
46,46452,3,N,10327,11595,144.29,4323,4653
46,46468,3,蒬,13241,14215,100.67,6074,6380
46,46482,3,ǒ,6530,6802,27.78,2826,2964
46,46490,3,э],7923,8987,163.19,3442,3804
46,46491,3,,7542,8815,213.57,3559,4005
46,46492,3,̕t,15664,17160,308.1,6974,7518
47,46501,3,q,8135,8696,137.18,3741,3946
47,46502,3,q,5745,6218,110.36,2727,2834
47,46505,3,v,12913,13589,540.48,6133,6248
47,46523,3,a,1530,1765,88.26,709,831
47,46524,3,F,1722,1932,103.07,866,935
47,46525,3,˓,9042,9874,239.65,4413,4677
47,46527,3,,5806,6078,81.82,2414,2468
47,46529,3,E,7212,8169,56.82,3363,3634
47,46530,3,V,11160,12090,104.92,4960,5230
47,46531,3,V钬,5975,6653,80.4,2623,2841
47,46532,3,ɐ咬,6362,6844,62.71,2885,3035
47,46533,3,a,6783,7114,40.39,2909,2909
47,46534,3,m,6213,6806,53.3,2692,2862
47,46535,3,^_,5186,5327,20.58,2056,2007
47,47201,2,ߔes,319435,315954,39.57,135532,129512
47,47205,2,Xps,96243,91928,19.8,39333,36361
47,47207,2,Ί_s,47564,46922,229.34,20514,19212
47,47208,2,YYs,114232,110351,19.48,44041,40927
47,47209,2,s,61674,60231,210.9,26142,24277
47,47210,2,s,58547,57320,46.62,20647,19249
47,47211,2,s,139279,130249,49.72,53325,47999
47,47212,2,Ls,61119,57261,19.6,21780,19332
47,47213,2,܎s,118898,116979,87.01,42378,38344
47,47214,2,{Ós,51186,52039,204.2,21977,21196
47,47215,2,s,42016,39758,49.94,14295,12676
47,47301,3,,4908,5188,194.8,2061,2114
47,47302,3,X,3060,3221,63.55,1262,1267
47,47303,3,,1720,1794,81.88,748,691
47,47306,3,Am,9531,9257,39.93,3490,3368
47,47308,3,{,13536,13870,54.35,5237,5049
47,47311,3,[,10652,10144,50.82,4065,3801
47,47313,3,X,5597,5331,31.3,2003,1823
47,47314,3,,11232,11066,37.84,4611,4373
47,47315,3,ɍ],4260,4737,22.78,1917,1915
47,47324,3,ǒJ,39504,38200,35.28,13658,12422
47,47325,3,Î[,13685,13827,15.12,5069,4937
47,47326,3,kJ,28308,27264,13.93,10724,9903
47,47327,3,k鑺,16148,15951,11.54,5541,5220
47,47328,3,鑺,19454,17680,15.53,7209,6268
47,47329,3,,34508,34766,15.9,12641,12118
47,47348,3,^ߌ,18410,16318,5.18,7003,5805
47,47350,3,앗,37502,35244,10.76,12763,11254
47,47353,3,nÕ~,730,760,19.23,417,429
47,47354,3,Ԗ,870,865,16.74,453,459
47,47355,3,,759,863,7.65,429,379
47,47356,3,n쑺,430,452,3.87,267,246
47,47357,3,哌,1329,1442,30.53,686,713
47,47358,3,k哌,629,665,13.09,333,378
47,47359,3,ɕ,1238,1385,21.82,516,523
47,47360,3,ɐ,1517,1589,15.42,695,699
47,47361,3,vē,7755,8519,63.65,3365,3601
47,47362,3,d,29066,26681,26.96,9625,8139
47,47375,3,Ǌԑ,1194,1231,21.99,470,499
47,47381,3,|x,3998,3859,334.39,2122,2000
47,47382,3,^ߍ,1843,1657,28.96,1080,713
